-- --------------------------------------------------------
-- Host:                         35.196.29.217
-- Server version:               5.7.14-google-log - (Google)
-- Server OS:                    Linux
-- HeidiSQL Version:             9.4.0.5125
-- --------------------------------------------------------

/*!40101 SET @OLD_CHARACTER_SET_CLIENT=@@CHARACTER_SET_CLIENT */;
/*!40101 SET NAMES utf8 */;
/*!50503 SET NAMES utf8mb4 */;
/*!40014 SET @OLD_FOREIGN_KEY_CHECKS=@@FOREIGN_KEY_CHECKS, FOREIGN_KEY_CHECKS=0 */;
/*!40101 SET @OLD_SQL_MODE=@@SQL_MODE, SQL_MODE='NO_AUTO_VALUE_ON_ZERO' */;

-- Dumping structure for table Isqenidev.address
CREATE TABLE IF NOT EXISTS `address` (
  `id` int(11) NOT NULL AUTO_INCREMENT,
  `client_id` varchar(60) NOT NULL,
  `name` varchar(255) NOT NULL,
  `area_id` int(11) NOT NULL,
  `street` varchar(255) NOT NULL,
  `house` varchar(255) NOT NULL,
  `mobile` varchar(50) NOT NULL,
  `gada` varchar(50) NOT NULL DEFAULT '',
  `notes` text NOT NULL,
  `block` varchar(255) NOT NULL,
  `floor` varchar(255) NOT NULL,
  `room` varchar(255) NOT NULL,
  PRIMARY KEY (`id`)
) ENGINE=InnoDB AUTO_INCREMENT=3 DEFAULT CHARSET=utf8;

-- Dumping data for table Isqenidev.address: ~0 rows (approximately)
/*!40000 ALTER TABLE `address` DISABLE KEYS */;
INSERT INTO `address` (`id`, `client_id`, `name`, `area_id`, `street`, `house`, `mobile`, `gada`, `notes`, `block`, `floor`, `room`) VALUES
	(1, '0', 'tvdcf', 1, '0', '0', '48525', '0', 'Hgdcnbc. CDC', '0', '0', '0'),
	(2, '122', 'amit', 2, 'sector-48', '2-23', '', '', 'undefined', '', '', '');
/*!40000 ALTER TABLE `address` ENABLE KEYS */;

-- Dumping structure for table Isqenidev.ads
CREATE TABLE IF NOT EXISTS `ads` (
  `id` int(11) NOT NULL AUTO_INCREMENT,
  `name` varchar(255) NOT NULL,
  `photo` text NOT NULL,
  `link` varchar(255) NOT NULL,
  `text2` text,
  `atype` tinyint(1) NOT NULL DEFAULT '0' COMMENT '0 = slider ad , 1 = footer ad , 2 = enter ad',
  `link_type` tinyint(4) NOT NULL DEFAULT '1',
  PRIMARY KEY (`id`)
) ENGINE=InnoDB DEFAULT CHARSET=utf8;

-- Dumping data for table Isqenidev.ads: ~0 rows (approximately)
/*!40000 ALTER TABLE `ads` DISABLE KEYS */;
/*!40000 ALTER TABLE `ads` ENABLE KEYS */;

-- Dumping structure for table Isqenidev.area
CREATE TABLE IF NOT EXISTS `area` (
  `id` int(11) NOT NULL AUTO_INCREMENT,
  `name` varchar(255) NOT NULL,
  `branch_id` int(11) NOT NULL,
  PRIMARY KEY (`id`)
) ENGINE=InnoDB AUTO_INCREMENT=2 DEFAULT CHARSET=utf8;

-- Dumping data for table Isqenidev.area: ~0 rows (approximately)
/*!40000 ALTER TABLE `area` DISABLE KEYS */;
INSERT INTO `area` (`id`, `name`, `branch_id`) VALUES
	(1, '1', 1);
/*!40000 ALTER TABLE `area` ENABLE KEYS */;

-- Dumping structure for table Isqenidev.article
CREATE TABLE IF NOT EXISTS `article` (
  `id` int(11) NOT NULL AUTO_INCREMENT,
  `title` varchar(255) NOT NULL,
  `desc` text NOT NULL,
  `text2` longtext NOT NULL,
  `photo` varchar(255) NOT NULL,
  `method` varchar(255) NOT NULL,
  `ardate` date NOT NULL,
  `userid` int(11) NOT NULL,
  `status` tinyint(1) NOT NULL,
  PRIMARY KEY (`id`)
) ENGINE=InnoDB AUTO_INCREMENT=4 DEFAULT CHARSET=utf8;

-- Dumping data for table Isqenidev.article: ~2 rows (approximately)
/*!40000 ALTER TABLE `article` DISABLE KEYS */;
INSERT INTO `article` (`id`, `title`, `desc`, `text2`, `photo`, `method`, `ardate`, `userid`, `status`) VALUES
	(1, 'عن التطبيق ', '', '<div align="center"><span style="text-align: right;">ان السوق السعودي بحاجة الى عمل تطبيق على الهاتف المحمول الذكي ( اندرويد , &nbsp;اب ستور ) لعملية الربط بين شركات ومؤسسات مياه الشرب المعدنية والمواطنين والمقيمين لعملية تسهيل الوصول الى صاحب الحاجة لمياه الشرب والكف عن معاناة البحث بالمتاجر عن تبديل او شراء مياه الشرب المعدنية لي الشركات والمؤسسات المفضلة لديهم بالقيام بعملية توصيل هذه المياه الى منزل المواطن او المقيم او المساجد.</span></div>', '', 'about', '0000-00-00', 0, 0),
	(2, 'شروط واحكام', '', '<div align="center"><b>الشروط والأحكام</b></div><div align="center"><b><br></b></div><div align="center" style="text-align: right;">- ان تطبيق اسقني هو ملك لشركة اسقني التجارية &nbsp;وليس للشركة &nbsp;وكلاء او شركات تعمل بإسمها بخلاف المذكورة هنا.</div><div align="center" style="text-align: right;">- تضمن شركة &nbsp;اسقني للتجارة أفضل خدمة ممكنة لمستخدمي التطبيق ولا يشمل هذا الضمان جودة المنتج أو خدمة عملاء شركة المياه المطلوب منها توريد الطلبات عبر التطبيق.</div><div align="center" style="text-align: right;">- يحق لمستخدمي التطبيق إرسال أي شكاوى او اقتراحات للشركة &nbsp;من خلال التطبيق وتتعهد الشركة &nbsp;ببذل أقصى ما يمكن من أجل تحقيق أفضل خدمة ممكنة لعملائها.</div>', '', 'conditions', '0000-00-00', 0, 0),
	(3, 'طريقة الاستخدام', '', '<div align="center">دينار</div><div align="center">تطبيق كويتي لعرض الاعلانات المجانية بسهولة وتسوق ممتع للزوار .</div><div align="center"><br></div><div align="center">خدماتنا لـــــ الزائر</div><div align="center">- يمكنك التسوق بكل أريحية لسهولة البحث وتوفير مايرضي الجميع .</div><div align="center">- في تطبيقنا تعدد الأقسام لجميع الفئات .</div><div align="center"><br></div><div align="center"><br></div><div align="center">خدماتنا لـــــ المعلن</div><div align="center">- يمكنك عرض منتجاتك المتخلفة بجميع أقسامنا بعدد 10 اعلانات مجانيا شهريا.</div><div align="center">- خدمة العروض ووالاعلانات باسعار بسيطة ( تطبق الشروط والأحكام ) .</div><div align="center">-\n عرض الاعلان بكل أريحية وإضافة أكثر من صورة للاععلان لعرضها بكل وضوح \nوأيضاً بإمكانك إضافة ( وصف الاعلان - السعر&nbsp; ) لتعريفها للزوار .</div><div align="center">- توفير خاصية ( التفضيل ) لتسهيل على الزائر الوصول إليك في المستقبل عن طريق قائمة الاعلاناته المفضلة .</div>', '', 'desc', '0000-00-00', 0, 0);
/*!40000 ALTER TABLE `article` ENABLE KEYS */;

-- Dumping structure for table Isqenidev.branchs
CREATE TABLE IF NOT EXISTS `branchs` (
  `id` int(11) NOT NULL AUTO_INCREMENT,
  `name` varchar(255) NOT NULL,
  `mobile` varchar(50) NOT NULL,
  `client_id` int(11) NOT NULL,
  PRIMARY KEY (`id`)
) ENGINE=InnoDB DEFAULT CHARSET=utf8;

-- Dumping data for table Isqenidev.branchs: ~0 rows (approximately)
/*!40000 ALTER TABLE `branchs` DISABLE KEYS */;
/*!40000 ALTER TABLE `branchs` ENABLE KEYS */;

-- Dumping structure for table Isqenidev.cart
CREATE TABLE IF NOT EXISTS `cart` (
  `id` int(11) NOT NULL AUTO_INCREMENT,
  `client_id` varchar(60) NOT NULL,
  `prod_id` int(11) NOT NULL,
  `order_id` int(11) NOT NULL DEFAULT '0',
  `count` int(11) NOT NULL,
  `price` float NOT NULL,
  `total_price` float NOT NULL,
  `status` tinyint(1) NOT NULL COMMENT '0 = non , 1 = start , 2 = done',
  `address_id` int(11) NOT NULL,
  `start_date` datetime NOT NULL,
  `delivery_date` date NOT NULL,
  `delivery_time` int(11) NOT NULL,
  `card_from` varchar(255) NOT NULL,
  `card_to` varchar(255) NOT NULL,
  `card_msg` text NOT NULL,
  PRIMARY KEY (`id`)
) ENGINE=InnoDB AUTO_INCREMENT=555 DEFAULT CHARSET=utf8;

-- Dumping data for table Isqenidev.cart: ~357 rows (approximately)
/*!40000 ALTER TABLE `cart` DISABLE KEYS */;
INSERT INTO `cart` (`id`, `client_id`, `prod_id`, `order_id`, `count`, `price`, `total_price`, `status`, `address_id`, `start_date`, `delivery_date`, `delivery_time`, `card_from`, `card_to`, `card_msg`) VALUES
	(1, '102', 5, 1, 8, 17.5, 140, 2, 0, '2017-07-16 08:35:29', '0000-00-00', 0, '', '', ''),
	(2, '102', 1, 2, 8, 17.5, 140, 2, 0, '2017-07-16 08:38:02', '0000-00-00', 0, '', '', ''),
	(3, '103', 1, 3, 10, 17.5, 175, 2, 0, '2017-07-16 09:14:23', '0000-00-00', 0, '', '', ''),
	(4, '177', 1, 730, 11, 17.5, 192.5, 2, 0, '2017-07-16 14:07:54', '0000-00-00', 0, '', '', ''),
	(7, '03e39328-2fa7-43c6-99d3-5c13cc6310b5', 2, 0, 2, 25, 50, 1, 0, '2017-07-17 06:32:49', '0000-00-00', 0, '', '', ''),
	(9, '318cf6cd-3bd1-4cf5-8899-03ed7806f9c6', 1, 0, 15, 17.5, 262.5, 1, 0, '2017-07-17 06:53:04', '0000-00-00', 0, '', '', ''),
	(10, '318cf6cd-3bd1-4cf5-8899-03ed7806f9c6', 3, 0, 10, 30, 300, 1, 0, '2017-07-17 06:54:03', '0000-00-00', 0, '', '', ''),
	(11, '8686a4c7e73b042b', 1, 6, 1, 17.5, 17.5, 2, 0, '2017-07-17 08:24:55', '0000-00-00', 0, '0', '0', '0'),
	(12, '177', 2, 730, 10, 25, 250, 2, 0, '2017-07-17 08:54:04', '0000-00-00', 0, '', '', ''),
	(15, '8c6ba0c4-3f89-4732-9dca-a75066e95842', 2, 0, 1, 25, 25, 1, 0, '2017-07-17 10:08:54', '0000-00-00', 0, '', '', ''),
	(16, '8686a4c7e73b042b', 1, 7, 1, 17.5, 17.5, 2, 0, '2017-07-17 12:28:50', '0000-00-00', 0, '0', '0', '0'),
	(18, '104', 1, 12, 1, 17.5, 17.5, 2, 0, '2017-07-17 13:39:04', '0000-00-00', 0, '', '', ''),
	(19, '177', 1, 730, 20, 17.5, 350, 2, 0, '2017-07-17 23:26:28', '0000-00-00', 0, '', '', ''),
	(20, '2eb1395e-a769-479a-8c02-38f9bf02332f', 1, 0, 6, 17.5, 105, 1, 0, '2017-07-18 01:51:59', '0000-00-00', 0, '', '', ''),
	(21, '8686a4c7e73b042b', 7, 9, 1, 15, 15, 2, 0, '2017-07-18 08:55:45', '0000-00-00', 0, '0', '0', '0'),
	(23, '133', 5, 10, 50, 17.5, 875, 2, 0, '2017-07-18 09:36:49', '0000-00-00', 0, '0', '0', '0'),
	(24, '14c608cc-db42-4f08-9b88-8c2eabf230dc', 5, 0, 10, 17.5, 175, 1, 0, '2017-07-18 11:09:15', '0000-00-00', 0, '', '', ''),
	(25, '08a8d137-e6c5-43cc-88cd-6c2ab405582a', 5, 0, 1, 17.5, 17.5, 1, 0, '2017-07-18 12:44:26', '0000-00-00', 0, '', '', ''),
	(26, '107', 7, 0, 5, 15, 75, 1, 0, '2017-07-18 14:17:56', '0000-00-00', 0, '', '', ''),
	(27, '8686a4c7e73b042b', 7, 31, 1, 15, 15, 2, 0, '2017-07-18 14:40:29', '0000-00-00', 0, '0', '0', '0'),
	(28, '8686a4c7e73b042b', 6, 31, 1, 13.8, 13.8, 2, 0, '2017-07-18 14:40:42', '0000-00-00', 0, '0', '0', '0'),
	(29, '8686a4c7e73b042b', 5, 31, 1, 17.5, 17.5, 2, 0, '2017-07-18 14:40:51', '0000-00-00', 0, '0', '0', '0'),
	(34, '109', 7, 13, 10, 15, 150, 2, 0, '2017-07-19 11:11:31', '0000-00-00', 0, '', '', ''),
	(35, '49f63cf8-ecb3-4d32-a668-f026f8d7e6b9', 6, 0, 1, 13.8, 13.8, 1, 0, '2017-07-19 13:56:16', '0000-00-00', 0, '', '', ''),
	(36, '45b930f6-48ee-4eef-86f6-30ed1691f80f', 7, 0, 1, 15, 15, 1, 0, '2017-07-19 14:33:29', '0000-00-00', 0, '', '', ''),
	(37, '177', 6, 730, 6, 13.8, 82.8, 2, 0, '2017-07-20 00:57:51', '0000-00-00', 0, '', '', ''),
	(40, '6eef4239-4b22-45f4-a343-894c84a12408', 5, 0, 3, 17.5, 52.5, 1, 0, '2017-07-20 11:52:07', '0000-00-00', 0, '', '', ''),
	(43, '110', 7, 16, 1, 15, 15, 2, 0, '2017-07-20 21:57:12', '0000-00-00', 0, '', '', ''),
	(46, '177', 5, 730, 10, 17.5, 175, 2, 0, '2017-07-21 15:51:29', '0000-00-00', 0, '', '', ''),
	(47, '112', 5, 18, 1, 17.5, 17.5, 2, 0, '2017-07-21 15:53:33', '0000-00-00', 0, '', '', ''),
	(49, '03835fed-eb09-44be-a653-7c831099edc0', 7, 0, 5, 15, 75, 1, 0, '2017-07-21 17:15:31', '0000-00-00', 0, '', '', ''),
	(50, '173a68b2-49a9-4c59-9436-767c7c528fd7', 7, 0, 2, 15, 30, 1, 0, '2017-07-21 17:27:53', '0000-00-00', 0, '', '', ''),
	(51, '113', 5, 20, 4, 17.5, 70, 2, 0, '2017-07-21 21:07:53', '0000-00-00', 0, '', '', ''),
	(52, '177', 7, 730, 1, 15, 15, 2, 0, '2017-07-21 21:09:13', '0000-00-00', 0, '', '', ''),
	(53, '111', 7, 21, 1, 15, 15, 2, 0, '2017-07-21 23:09:34', '0000-00-00', 0, '', '', ''),
	(54, '177', 7, 730, 2, 15, 30, 2, 0, '2017-07-22 02:08:46', '0000-00-00', 0, '', '', ''),
	(55, '80d73250-16bc-462b-9d92-8ed2a13f6e48', 5, 0, 3, 17.5, 52.5, 1, 0, '2017-07-22 12:01:51', '0000-00-00', 0, '', '', ''),
	(56, '177', 5, 730, 10, 17.5, 175, 2, 0, '2017-07-22 13:20:21', '0000-00-00', 0, '', '', ''),
	(61, '79', 5, 23, 10, 17.5, 175, 2, 0, '2017-07-23 12:42:44', '0000-00-00', 0, '', '', ''),
	(63, '114', 5, 25, 1, 17.5, 17.5, 2, 0, '2017-07-23 20:14:32', '0000-00-00', 0, '', '', ''),
	(65, '280a9fe9-67f5-4fdf-a23a-d0bd25b11dc0', 5, 0, 20, 17.5, 350, 1, 0, '2017-07-23 23:57:29', '0000-00-00', 0, '', '', ''),
	(66, '115', 5, 27, 1, 17.5, 17.5, 2, 0, '2017-07-24 00:07:52', '0000-00-00', 0, '', '', ''),
	(67, '115', 6, 28, 1, 13.8, 13.8, 2, 0, '2017-07-24 00:08:31', '0000-00-00', 0, '', '', ''),
	(68, '115', 7, 29, 1, 15, 15, 2, 0, '2017-07-24 00:09:10', '0000-00-00', 0, '', '', ''),
	(70, '116', 5, 0, 3, 17.5, 52.5, 1, 0, '2017-07-24 02:12:56', '0000-00-00', 0, '', '', ''),
	(71, '177', 5, 730, 6, 17.5, 105, 2, 0, '2017-07-24 03:44:45', '0000-00-00', 0, '', '', ''),
	(76, '177', 7, 730, 5, 15, 75, 2, 0, '2017-07-24 12:50:52', '0000-00-00', 0, '0', '0', '0'),
	(77, '134', 7, 230, 1, 15, 15, 2, 0, '2017-07-24 13:41:23', '0000-00-00', 0, '0', '0', '0'),
	(82, '120', 7, 41, 5, 15, 75, 2, 0, '2017-07-25 15:16:43', '0000-00-00', 0, '', '', ''),
	(83, '177', 5, 730, 3, 17.5, 52.5, 2, 0, '2017-07-25 19:03:06', '0000-00-00', 0, '', '', ''),
	(85, '120', 8, 0, 6, 30, 180, 1, 0, '2017-07-25 22:04:48', '0000-00-00', 0, '', '', ''),
	(86, '42c30d7a-f958-4cd9-8341-d34e7f564266', 6, 0, 1, 13.8, 13.8, 1, 0, '2017-07-26 05:17:42', '0000-00-00', 0, '', '', ''),
	(88, '3508fbd9-9884-45f6-9c70-5386d748538d', 6, 0, 1, 13.8, 13.8, 1, 0, '2017-07-26 07:15:31', '0000-00-00', 0, '', '', ''),
	(90, '177', 6, 730, 1, 13.8, 13.8, 2, 0, '2017-07-26 09:35:29', '0000-00-00', 0, '0', '0', '0'),
	(91, '177', 7, 730, 50, 15, 750, 2, 0, '2017-07-26 09:43:07', '0000-00-00', 0, '', '', ''),
	(92, '63ad168951062e69', 5, 0, 2, 17.5, 35, 1, 0, '2017-07-26 10:29:51', '0000-00-00', 0, '0', '0', '0'),
	(93, '121', 5, 0, 50, 17.5, 875, 1, 0, '2017-07-26 11:32:31', '0000-00-00', 0, '', '', ''),
	(94, '3508fbd9-9884-45f6-9c70-5386d748538d', 5, 0, 2, 17.5, 35, 1, 0, '2017-07-26 13:05:11', '0000-00-00', 0, '', '', ''),
	(97, '7b2db11be0736170', 5, 0, 2, 17.5, 35, 1, 0, '2017-07-26 23:15:24', '0000-00-00', 0, '0', '0', '0'),
	(99, '177', 5, 730, 10, 17.5, 175, 2, 0, '2017-07-27 08:59:04', '0000-00-00', 0, '', '', ''),
	(101, '125', 5, 0, 2, 17.5, 35, 1, 0, '2017-07-27 16:42:40', '0000-00-00', 0, '0', '0', '0'),
	(102, '7f7aeb4182818f58', 5, 43, 1, 17.5, 17.5, 2, 0, '2017-07-27 16:47:08', '0000-00-00', 0, '0', '0', '0'),
	(103, '7f7aeb4182818f58', 6, 43, 2, 13.8, 27.6, 2, 0, '2017-07-27 16:50:08', '0000-00-00', 0, '0', '0', '0'),
	(104, '126', 7, 44, 1, 15, 15, 2, 0, '2017-07-27 17:46:04', '0000-00-00', 0, '', '', ''),
	(105, '177', 6, 730, 15, 13.8, 207, 2, 0, '2017-07-27 19:40:53', '0000-00-00', 0, '', '', ''),
	(107, '124', 5, 45, 5, 17.5, 87.5, 2, 0, '2017-07-28 09:25:16', '0000-00-00', 0, '', '', ''),
	(108, '49f63cf8-ecb3-4d32-a668-f026f8d7e6b9', 5, 0, 1, 17.5, 17.5, 1, 0, '2017-07-28 14:47:27', '0000-00-00', 0, '', '', ''),
	(112, '177', 6, 730, 1, 13.8, 13.8, 2, 0, '2017-07-29 03:18:32', '0000-00-00', 0, '', '', ''),
	(113, '36', 7, 46, 1, 15, 15, 2, 0, '2017-07-29 06:22:56', '0000-00-00', 0, '', '', ''),
	(114, '36', 5, 693, 2, 17.5, 35, 2, 0, '2017-07-29 06:23:42', '0000-00-00', 0, '', '', ''),
	(115, '60aeec81d73d2a64', 6, 0, 2, 13.8, 27.6, 1, 0, '2017-07-29 07:31:18', '0000-00-00', 0, '0', '0', '0'),
	(117, '194c4178-cd6e-4f2f-8805-2e5c8da26118', 5, 0, 1, 17.5, 17.5, 1, 0, '2017-07-29 10:16:33', '0000-00-00', 0, '', '', ''),
	(118, '8e7055ad-60bf-401e-87d7-ef844876d3ca', 5, 0, 20, 17.5, 350, 1, 0, '2017-07-29 12:33:05', '0000-00-00', 0, '', '', ''),
	(119, '127', 7, 48, 2, 15, 30, 2, 0, '2017-07-29 15:00:31', '0000-00-00', 0, '', '', ''),
	(121, '128', 6, 49, 10, 13.8, 138, 2, 0, '2017-07-30 08:50:31', '0000-00-00', 0, '', '', ''),
	(124, '177', 7, 730, 2, 15, 30, 2, 0, '2017-07-30 17:40:02', '0000-00-00', 0, '0', '0', '0'),
	(125, '177', 5, 730, 1, 17.5, 17.5, 2, 0, '2017-07-30 17:40:15', '0000-00-00', 0, '0', '0', '0'),
	(126, '177', 5, 51, 1, 17.5, 17.5, 2, 0, '2017-07-30 18:38:18', '0000-00-00', 0, '0', '0', '0'),
	(130, '54fffa6b-1a30-4463-b006-ccbeae91f737', 5, 0, 5, 17.5, 87.5, 1, 0, '2017-07-31 00:01:35', '0000-00-00', 0, '', '', ''),
	(131, '102', 10, 1, 4, 17.5, 70, 2, 0, '2017-07-16 08:35:29', '0000-00-00', 0, '', '', ''),
	(133, '177', 6, 730, 2, 13.8, 27.6, 2, 0, '2017-07-31 10:57:53', '0000-00-00', 0, '0', '0', '0'),
	(134, '129', 7, 0, 20, 15, 300, 1, 0, '2017-07-31 11:01:22', '0000-00-00', 0, '', '', ''),
	(135, '102', 11, 1, 4, 17.5, 70, 2, 0, '2017-07-16 08:35:29', '0000-00-00', 0, '', '', ''),
	(136, '130', 5, 0, 3, 17.5, 52.5, 1, 0, '2017-07-31 14:43:32', '0000-00-00', 0, '', '', ''),
	(142, '131', 6, 52, 10, 13.8, 138, 2, 0, '2017-07-31 15:15:17', '0000-00-00', 0, '', '', ''),
	(143, '132', 5, 53, 2, 17.5, 35, 2, 0, '2017-07-31 18:45:27', '0000-00-00', 0, '0', '0', '0'),
	(144, '132', 5, 54, 3, 17.5, 52.5, 2, 0, '2017-07-31 19:17:57', '0000-00-00', 0, '0', '0', '0'),
	(145, '177', 5, 730, 4, 17.5, 70, 2, 0, '2017-07-31 20:30:36', '0000-00-00', 0, '', '', ''),
	(149, '177', 10, 730, 1, 16.5, 16.5, 2, 0, '2017-08-01 08:57:56', '0000-00-00', 0, '', '', ''),
	(152, '134', 9, 230, 20, 17.5, 350, 2, 0, '2017-08-01 10:47:59', '0000-00-00', 0, '0', '0', '0'),
	(153, '3', 12, 55, 20, 13.56, 271.2, 2, 0, '2017-08-01 12:12:13', '0000-00-00', 0, '0', '0', '0'),
	(160, '136', 14, 58, 20, 11.5, 230, 2, 0, '2017-08-01 14:21:49', '0000-00-00', 0, '0', '0', '0'),
	(162, '136', 11, 59, 20, 14.5, 290, 2, 0, '2017-08-01 14:39:53', '0000-00-00', 0, '0', '0', '0'),
	(163, '177', 9, 730, 2, 17.5, 35, 2, 0, '2017-08-01 15:48:18', '0000-00-00', 0, '', '', ''),
	(165, '141', 5, 0, 45, 17.5, 787.5, 1, 0, '2017-08-01 17:01:31', '0000-00-00', 0, '0', '0', '0'),
	(167, '139', 9, 62, 5, 17.5, 87.5, 2, 0, '2017-08-01 17:42:20', '0000-00-00', 0, '', '', ''),
	(169, '138', 9, 61, 15, 17.5, 262.5, 2, 0, '2017-08-01 17:46:35', '0000-00-00', 0, '', '', ''),
	(170, '124', 5, 63, 5, 17.5, 87.5, 2, 0, '2017-08-01 21:07:10', '0000-00-00', 0, '', '', ''),
	(171, '126', 10, 0, 1, 16.5, 16.5, 1, 0, '2017-08-01 23:06:21', '0000-00-00', 0, '', '', ''),
	(172, '140', 9, 64, 4, 17.5, 70, 2, 0, '2017-08-01 23:10:50', '0000-00-00', 0, '', '', ''),
	(173, '177', 5, 730, 5, 17.5, 87.5, 2, 0, '2017-08-02 08:25:15', '0000-00-00', 0, '', '', ''),
	(174, '136', 11, 66, 20, 14.5, 290, 2, 0, '2017-08-02 10:17:23', '0000-00-00', 0, '0', '0', '0'),
	(175, '136', 5, 67, 20, 17.5, 350, 2, 0, '2017-08-02 12:56:13', '0000-00-00', 0, '0', '0', '0'),
	(180, '579dbed9-82c2-4a38-a8dc-aba387bfb723', 10, 0, 5, 16.5, 82.5, 1, 0, '2017-08-02 14:36:38', '0000-00-00', 0, '', '', ''),
	(181, '177', 5, 730, 4, 17.5, 70, 2, 0, '2017-08-02 14:51:42', '0000-00-00', 0, '', '', ''),
	(182, '133', 5, 68, 20, 17.5, 350, 2, 0, '2017-08-02 17:09:28', '0000-00-00', 0, '0', '0', '0'),
	(183, '133', 12, 69, 20, 13.56, 271.2, 2, 0, '2017-08-02 17:11:08', '0000-00-00', 0, '0', '0', '0'),
	(184, '133', 13, 69, 20, 6.78, 135.6, 2, 0, '2017-08-02 17:11:20', '0000-00-00', 0, '0', '0', '0'),
	(185, '133', 14, 69, 20, 11.5, 230, 2, 0, '2017-08-02 17:11:27', '0000-00-00', 0, '0', '0', '0'),
	(186, '133', 12, 70, 20, 13.56, 271.2, 2, 0, '2017-08-02 17:13:41', '0000-00-00', 0, '0', '0', '0'),
	(187, '133', 5, 70, 30, 17.5, 525, 2, 0, '2017-08-02 17:14:05', '0000-00-00', 0, '0', '0', '0'),
	(188, '133', 9, 70, 40, 17.5, 700, 2, 0, '2017-08-02 17:14:17', '0000-00-00', 0, '0', '0', '0'),
	(189, '133', 11, 70, 40, 14.5, 580, 2, 0, '2017-08-02 17:14:29', '0000-00-00', 0, '0', '0', '0'),
	(190, '133', 5, 129, 20, 17.5, 350, 2, 0, '2017-08-02 17:22:01', '0000-00-00', 0, '0', '0', '0'),
	(195, '141', 11, 0, 20, 14.5, 290, 1, 0, '2017-08-02 17:31:32', '0000-00-00', 0, '0', '0', '0'),
	(196, '133', 5, 130, 20, 17.5, 350, 2, 0, '2017-08-02 17:41:05', '0000-00-00', 0, '0', '0', '0'),
	(197, '133', 10, 130, 20, 16.5, 330, 2, 0, '2017-08-02 17:41:11', '0000-00-00', 0, '0', '0', '0'),
	(198, '133', 12, 131, 20, 13.56, 271.2, 2, 0, '2017-08-02 17:48:33', '0000-00-00', 0, '0', '0', '0'),
	(199, '133', 14, 132, 20, 11.5, 230, 2, 0, '2017-08-02 17:50:20', '0000-00-00', 0, '0', '0', '0'),
	(200, '177', 14, 730, 70, 11.5, 805, 2, 0, '2017-08-02 17:58:02', '0000-00-00', 0, '', '', ''),
	(201, '136', 13, 134, 20, 6.78, 135.6, 2, 0, '2017-08-02 19:53:54', '0000-00-00', 0, '0', '0', '0'),
	(203, '90', 5, 135, 12, 17.5, 210, 2, 0, '2017-08-02 20:12:10', '0000-00-00', 0, '', '', ''),
	(204, '136', 14, 136, 20, 11.5, 230, 2, 0, '2017-08-02 20:49:37', '0000-00-00', 0, '0', '0', '0'),
	(208, '4d8db76da9510dd2', 14, 137, 7, 11.5, 80.5, 2, 0, '2017-08-02 21:28:07', '0000-00-00', 0, '0', '0', '0'),
	(209, '142', 5, 138, 20, 17.5, 350, 2, 0, '2017-08-02 22:54:21', '0000-00-00', 0, '0', '0', '0'),
	(211, '133', 10, 139, 20, 16.5, 330, 2, 0, '2017-08-03 10:34:16', '0000-00-00', 0, '0', '0', '0'),
	(212, '4c8b0dd7-4704-4dab-bd5b-cd339df99d88', 14, 0, 15, 11.5, 172.5, 1, 0, '2017-08-03 12:48:28', '0000-00-00', 0, '', '', ''),
	(214, '62eeb62c4c81782a', 14, 0, 2, 11.5, 23, 1, 0, '2017-08-03 13:09:17', '0000-00-00', 0, '0', '0', '0'),
	(216, '177', 5, 730, 3, 17.5, 52.5, 2, 0, '2017-08-03 14:20:38', '0000-00-00', 0, '0', '0', '0'),
	(217, '177', 11, 730, 3, 14.5, 43.5, 2, 0, '2017-08-03 14:21:32', '0000-00-00', 0, '0', '0', '0'),
	(220, '136', 12, 140, 20, 13.56, 271.2, 2, 0, '2017-08-03 18:59:33', '0000-00-00', 0, '0', '0', '0'),
	(221, '136', 11, 225, 20, 14.5, 290, 2, 0, '2017-08-03 19:04:33', '0000-00-00', 0, '0', '0', '0'),
	(222, '135', 13, 0, 20, 6.78, 135.6, 1, 0, '2017-08-03 22:27:17', '0000-00-00', 0, '0', '0', '0'),
	(223, '143', 14, 0, 10, 11.5, 115, 1, 0, '2017-08-03 22:28:31', '0000-00-00', 0, '', '', ''),
	(226, '177', 11, 730, 1, 14.5, 14.5, 2, 0, '2017-08-03 23:11:36', '0000-00-00', 0, '0', '0', '0'),
	(230, '144', 5, 226, 1, 17.5, 17.5, 2, 0, '2017-08-03 23:19:44', '0000-00-00', 0, '0', '0', '0'),
	(232, '27efeab8-4e6b-47f7-8ca5-da1750336222', 14, 0, 1, 11.5, 11.5, 1, 0, '2017-08-04 12:06:16', '0000-00-00', 0, '', '', ''),
	(233, '140', 13, 227, 10, 6.78, 67.8, 2, 0, '2017-08-04 12:56:44', '0000-00-00', 0, '', '', ''),
	(236, '177', 9, 730, 15, 17.5, 262.5, 2, 0, '2017-08-04 15:54:50', '0000-00-00', 0, '', '', ''),
	(237, '177', 9, 730, 5, 17.5, 87.5, 2, 0, '2017-08-04 16:20:08', '0000-00-00', 0, '', '', ''),
	(238, '136', 12, 229, 20, 13.56, 271.2, 2, 0, '2017-08-04 19:30:30', '0000-00-00', 0, '0', '0', '0'),
	(242, '135', 11, 0, 3, 14.5, 43.5, 1, 0, '2017-08-05 03:13:31', '0000-00-00', 0, '0', '0', '0'),
	(243, '295ed75c-cdbb-41d2-8b08-1f04c555368c', 5, 0, 2, 17.5, 35, 1, 0, '2017-08-05 09:26:46', '0000-00-00', 0, '', '', ''),
	(244, '83', 12, 250, 8, 13.56, 108.48, 2, 0, '2017-08-05 14:40:35', '0000-00-00', 0, '', '', ''),
	(245, '83', 11, 250, 4, 14.5, 58, 2, 0, '2017-08-05 14:40:54', '0000-00-00', 0, '', '', ''),
	(247, '8a67e4bd-7fc5-412f-acd7-96cd808b4b40', 11, 0, 2, 14.5, 29, 1, 0, '2017-08-05 16:35:28', '0000-00-00', 0, '', '', ''),
	(248, '145', 5, 345, 1, 17.5, 17.5, 2, 0, '2017-08-05 17:36:55', '0000-00-00', 0, '', '', ''),
	(249, '134', 10, 0, 41, 16.5, 676.5, 1, 0, '2017-08-05 19:41:42', '0000-00-00', 0, '0', '0', '0'),
	(250, '146', 9, 251, 6, 17.5, 105, 2, 0, '2017-08-05 20:12:47', '0000-00-00', 0, '', '', ''),
	(252, '147', 9, 252, 1, 17.5, 17.5, 2, 0, '2017-08-05 20:56:56', '0000-00-00', 0, '', '', ''),
	(253, '135', 10, 0, 44, 16.5, 726, 1, 0, '2017-08-05 21:57:53', '0000-00-00', 0, '0', '0', '0'),
	(254, '133', 5, 253, 30, 17.5, 525, 2, 0, '2017-08-05 22:23:19', '0000-00-00', 0, '0', '0', '0'),
	(255, '133', 11, 254, 20, 14.5, 290, 2, 0, '2017-08-05 22:25:53', '0000-00-00', 0, '0', '0', '0'),
	(256, '148', 9, 304, 20, 17.5, 350, 2, 0, '2017-08-05 22:27:08', '0000-00-00', 0, '', '', ''),
	(257, '133', 10, 341, 20, 16.5, 330, 2, 0, '2017-08-05 22:31:14', '0000-00-00', 0, '0', '0', '0'),
	(258, '133', 14, 342, 20, 11.5, 230, 2, 0, '2017-08-05 22:33:42', '0000-00-00', 0, '0', '0', '0'),
	(259, '133', 5, 343, 20, 17.5, 350, 2, 0, '2017-08-05 22:36:34', '0000-00-00', 0, '0', '0', '0'),
	(260, '81fe91686b158517', 5, 0, 1, 17.5, 17.5, 1, 0, '2017-08-05 22:58:57', '0000-00-00', 0, '0', '0', '0'),
	(261, '133', 12, 344, 20, 13.56, 271.2, 2, 0, '2017-08-05 23:04:44', '0000-00-00', 0, '0', '0', '0'),
	(262, '177', 5, 730, 1, 17.5, 17.5, 2, 0, '2017-08-05 23:08:27', '0000-00-00', 0, '0', '0', '0'),
	(263, '145', 5, 345, 3, 17.5, 52.5, 2, 0, '2017-08-06 05:16:14', '0000-00-00', 0, '', '', ''),
	(265, '151fca1a-0539-4401-bdf7-84287f3121d8', 13, 0, 1, 6.78, 6.78, 1, 0, '2017-08-06 05:29:26', '0000-00-00', 0, '', '', ''),
	(266, '151fca1a-0539-4401-bdf7-84287f3121d8', 10, 0, 10, 16.5, 165, 1, 0, '2017-08-06 05:36:16', '0000-00-00', 0, '', '', ''),
	(270, '618c5814-aefa-4c19-b40b-1c908cc4fbf5', 9, 0, 3, 17.5, 52.5, 1, 0, '2017-08-06 09:35:51', '0000-00-00', 0, '', '', ''),
	(271, '149', 9, 0, 20, 17.5, 350, 1, 0, '2017-08-06 10:39:51', '0000-00-00', 0, '0', '0', '0'),
	(273, '136', 5, 347, 20, 17.5, 350, 2, 0, '2017-08-06 13:13:47', '0000-00-00', 0, '0', '0', '0'),
	(274, '151fca1a-0539-4401-bdf7-84287f3121d8', 5, 0, 4, 17.5, 70, 1, 0, '2017-08-06 13:37:24', '0000-00-00', 0, '', '', ''),
	(276, '177', 0, 663, 0, 0, 0, 2, 0, '2017-08-06 14:08:47', '0000-00-00', 0, '0', '0', '0'),
	(277, '177', 10, 730, 11, 16.5, 181.5, 2, 0, '2017-08-06 14:18:52', '0000-00-00', 0, '', '', ''),
	(278, '136', 13, 639, 20, 6.78, 135.6, 2, 0, '2017-08-06 15:09:08', '0000-00-00', 0, '0', '0', '0'),
	(279, '170b0473-9902-4c34-b97c-ef0b62cb7ea7', 10, 0, 6, 16.5, 99, 1, 0, '2017-08-06 16:03:41', '0000-00-00', 0, '', '', ''),
	(280, '497ad638-c6f3-49ee-a183-03f00a384b20', 12, 0, 10, 13.56, 135.6, 1, 0, '2017-08-06 16:12:19', '0000-00-00', 0, '', '', ''),
	(281, '177', 12, 730, 10, 13.56, 135.6, 2, 0, '2017-08-06 16:38:10', '0000-00-00', 0, '', '', ''),
	(282, '149', 13, 0, 20, 6.78, 135.6, 1, 0, '2017-08-06 16:40:56', '0000-00-00', 0, '0', '0', '0'),
	(283, '149', 14, 0, 20, 11.5, 230, 1, 0, '2017-08-06 16:41:11', '0000-00-00', 0, '0', '0', '0'),
	(284, '136', 11, 664, 20, 14.5, 290, 2, 0, '2017-08-06 16:49:05', '0000-00-00', 0, '0', '0', '0'),
	(286, '151', 10, 665, 10, 16.5, 165, 2, 0, '2017-08-06 17:57:18', '0000-00-00', 0, '', '', ''),
	(287, '151', 5, 665, 10, 17.5, 175, 2, 0, '2017-08-06 17:57:41', '0000-00-00', 0, '', '', ''),
	(288, '136', 5, 674, 20, 17.5, 350, 2, 0, '2017-08-06 19:47:29', '0000-00-00', 0, '0', '0', '0'),
	(289, '853bb590-55d7-44ae-971b-2470a569b1c5', 11, 0, 20, 14.5, 290, 1, 0, '2017-08-06 20:01:06', '0000-00-00', 0, '', '', ''),
	(290, '152', 5, 669, 2, 17.5, 35, 2, 0, '2017-08-06 20:27:00', '0000-00-00', 0, '', '', ''),
	(291, '153', 9, 673, 5, 17.5, 87.5, 2, 0, '2017-08-06 20:36:18', '0000-00-00', 0, '', '', ''),
	(292, '152', 9, 672, 3, 17.5, 52.5, 2, 0, '2017-08-06 20:41:19', '0000-00-00', 0, '', '', ''),
	(294, '177', 5, 675, 1, 17.5, 17.5, 2, 0, '2017-08-07 14:48:04', '0000-00-00', 0, '0', '0', '0'),
	(295, '156', 9, 0, 3, 17.5, 52.5, 1, 0, '2017-08-07 16:45:54', '0000-00-00', 0, '', '', ''),
	(296, '5bafe122-c110-4322-8de3-a58412bdbbe8', 9, 0, 5, 17.5, 87.5, 1, 0, '2017-08-07 16:46:14', '0000-00-00', 0, '', '', ''),
	(297, '157', 9, 0, 10, 17.5, 175, 1, 0, '2017-08-07 18:48:26', '0000-00-00', 0, '', '', ''),
	(298, '158', 9, 0, 10, 17.5, 175, 1, 0, '2017-08-07 18:51:23', '0000-00-00', 0, '', '', ''),
	(299, '910fd6e6-5b54-47d2-bb11-8366cdbb88b4', 12, 0, 2, 13.56, 27.12, 1, 0, '2017-08-08 01:21:05', '0000-00-00', 0, '', '', ''),
	(300, '177', 14, 730, 7, 11.5, 80.5, 2, 0, '2017-08-08 01:29:38', '0000-00-00', 0, '', '', ''),
	(301, '8da01acebf199d4c', 12, 0, 7, 13.56, 94.92, 1, 0, '2017-08-08 11:47:15', '0000-00-00', 0, '0', '0', '0'),
	(302, '136', 12, 676, 20, 13.56, 271.2, 2, 0, '2017-08-08 11:57:02', '0000-00-00', 0, '0', '0', '0'),
	(303, '134', 5, 0, 20, 17.5, 350, 1, 0, '2017-08-08 12:20:44', '0000-00-00', 0, '0', '0', '0'),
	(305, '134', 13, 0, 60, 6.78, 406.8, 1, 0, '2017-08-08 12:39:58', '0000-00-00', 0, '0', '0', '0'),
	(307, '159', 5, 0, 20, 17.5, 350, 1, 0, '2017-08-08 13:00:06', '0000-00-00', 0, '0', '0', '0'),
	(308, '136', 14, 677, 20, 11.5, 230, 2, 0, '2017-08-08 13:39:15', '0000-00-00', 0, '0', '0', '0'),
	(309, '136', 12, 678, 20, 13.56, 271.2, 2, 0, '2017-08-08 13:44:36', '0000-00-00', 0, '0', '0', '0'),
	(311, '609ea1f2-afc0-47d9-8170-eb5a5e424fa9', 10, 0, 2, 16.5, 33, 1, 0, '2017-08-08 16:01:51', '0000-00-00', 0, '', '', ''),
	(314, '133', 9, 680, 20, 17.5, 350, 2, 0, '2017-08-08 20:48:14', '0000-00-00', 0, '0', '0', '0'),
	(315, '7e3802ab-fe35-4844-9a9e-3905ba520ff9', 14, 0, 150, 11.5, 1725, 1, 0, '2017-08-08 21:11:28', '0000-00-00', 0, '', '', ''),
	(316, '136', 14, 681, 20, 11.5, 230, 2, 0, '2017-08-08 21:15:17', '0000-00-00', 0, '0', '0', '0'),
	(317, '136', 12, 681, 20, 13.56, 271.2, 2, 0, '2017-08-08 21:15:32', '0000-00-00', 0, '0', '0', '0'),
	(318, '59f8db2f-e59a-4b51-91ed-ea9a5852f9e0', 13, 0, 1, 6.78, 6.78, 1, 0, '2017-08-08 21:29:14', '0000-00-00', 0, '', '', ''),
	(324, '133', 9, 682, 20, 17.5, 350, 2, 0, '2017-08-08 22:10:44', '0000-00-00', 0, '0', '0', '0'),
	(325, '133', 13, 682, 20, 6.78, 135.6, 2, 0, '2017-08-08 22:11:08', '0000-00-00', 0, '0', '0', '0'),
	(326, '133', 10, 683, 25, 16.5, 412.5, 2, 0, '2017-08-08 22:22:42', '0000-00-00', 0, '0', '0', '0'),
	(327, '133', 14, 683, 25, 11.5, 287.5, 2, 0, '2017-08-08 22:22:57', '0000-00-00', 0, '0', '0', '0'),
	(328, '177', 5, 730, 6, 17.5, 105, 2, 0, '2017-08-08 22:59:07', '0000-00-00', 0, '0', '0', '0'),
	(329, '162', 5, 684, 20, 17.5, 350, 2, 0, '2017-08-09 09:00:24', '0000-00-00', 0, '0', '0', '0'),
	(330, '162', 9, 685, 20, 17.5, 350, 2, 0, '2017-08-09 09:08:44', '0000-00-00', 0, '0', '0', '0'),
	(335, '162', 5, 0, 20, 17.5, 350, 1, 0, '2017-08-09 09:26:38', '0000-00-00', 0, '0', '0', '0'),
	(336, '163', 9, 686, 20, 17.5, 350, 2, 0, '2017-08-09 10:10:39', '0000-00-00', 0, '0', '0', '0'),
	(337, '163', 13, 687, 20, 6.78, 135.6, 2, 0, '2017-08-09 10:25:12', '0000-00-00', 0, '0', '0', '0'),
	(338, '133', 10, 688, 26, 16.5, 429, 2, 0, '2017-08-09 11:43:20', '0000-00-00', 0, '0', '0', '0'),
	(339, '177', 0, 689, 0, 0, 0, 2, 0, '2017-08-09 14:12:11', '0000-00-00', 0, '0', '0', '0'),
	(340, '171', 14, 705, 20, 11.5, 230, 2, 0, '2017-08-09 15:15:01', '0000-00-00', 0, '', '', ''),
	(341, '177', 0, 692, 0, 0, 0, 2, 0, '2017-08-09 15:22:55', '0000-00-00', 0, '0', '0', '0'),
	(342, '164', 5, 690, 6, 17.5, 105, 2, 0, '2017-08-09 16:09:37', '0000-00-00', 0, '', '', ''),
	(343, '164', 9, 690, 4, 17.5, 70, 2, 0, '2017-08-09 16:10:24', '0000-00-00', 0, '', '', ''),
	(345, '164', 10, 690, 2, 16.5, 33, 2, 0, '2017-08-09 16:11:34', '0000-00-00', 0, '', '', ''),
	(346, '165', 5, 691, 5, 17.5, 87.5, 2, 0, '2017-08-09 16:35:43', '0000-00-00', 0, '', '', ''),
	(347, '133', 5, 704, 40, 17.5, 700, 2, 0, '2017-08-09 22:20:03', '0000-00-00', 0, '0', '0', '0'),
	(348, '2ed87d57-6ea1-4bc3-94f7-74cc8c409117', 5, 0, 4, 17.5, 70, 1, 0, '2017-08-09 22:33:55', '0000-00-00', 0, '', '', ''),
	(349, '36', 12, 693, 2, 13.56, 27.12, 2, 0, '2017-08-10 02:41:10', '0000-00-00', 0, '', '', ''),
	(353, '167', 14, 695, 9, 11.5, 103.5, 2, 0, '2017-08-10 06:06:53', '0000-00-00', 0, '', '', ''),
	(354, '177', 9, 730, 10, 17.5, 175, 2, 0, '2017-08-10 07:39:36', '0000-00-00', 0, '', '', ''),
	(355, '177', 5, 730, 1, 17.5, 17.5, 2, 0, '2017-08-10 17:10:45', '0000-00-00', 0, '0', '0', '0'),
	(356, '530caf15-f596-418e-a93b-62604456e639', 9, 0, 2, 17.5, 35, 1, 0, '2017-08-10 17:23:32', '0000-00-00', 0, '', '', ''),
	(357, '177', 12, 730, 4, 13.56, 54.24, 2, 0, '2017-08-10 18:40:13', '0000-00-00', 0, '0', '0', '0'),
	(359, '177', 9, 730, 2, 17.5, 35, 2, 0, '2017-08-10 21:30:57', '0000-00-00', 0, '', '', ''),
	(361, '168', 9, 0, 10, 17.5, 175, 1, 0, '2017-08-11 13:31:15', '0000-00-00', 0, '', '', ''),
	(363, '177', 9, 730, 3, 17.5, 52.5, 2, 0, '2017-08-11 16:13:15', '0000-00-00', 0, '', '', ''),
	(364, '169', 12, 696, 4, 13.56, 54.24, 2, 0, '2017-08-11 17:30:42', '0000-00-00', 0, '', '', ''),
	(366, '133', 9, 704, 20, 17.5, 350, 2, 0, '2017-08-12 16:53:47', '0000-00-00', 0, '0', '0', '0'),
	(367, '177', 12, 730, 1, 13.56, 13.56, 2, 0, '2017-08-12 17:31:29', '0000-00-00', 0, '', '', ''),
	(368, '654a97da-7b8d-4f04-8709-0bdd23190fce', 14, 0, 7, 11.5, 80.5, 1, 0, '2017-08-12 18:18:40', '0000-00-00', 0, '', '', ''),
	(369, '7e487a88-73a0-4355-bb67-5c495aa145b1', 13, 0, 8, 6.78, 54.24, 1, 0, '2017-08-12 18:24:26', '0000-00-00', 0, '', '', ''),
	(370, '152', 13, 697, 1, 6.78, 6.78, 2, 0, '2017-08-12 23:36:41', '0000-00-00', 0, '', '', ''),
	(371, '152', 13, 698, 1, 6.78, 6.78, 2, 0, '2017-08-12 23:40:58', '0000-00-00', 0, '', '', ''),
	(372, '152', 13, 699, 1, 6.78, 6.78, 2, 0, '2017-08-12 23:48:12', '0000-00-00', 0, '', '', ''),
	(373, '152', 9, 700, 1, 17.5, 17.5, 2, 0, '2017-08-13 00:09:11', '0000-00-00', 0, '', '', ''),
	(374, '152', 13, 701, 1, 6.78, 6.78, 2, 0, '2017-08-13 00:11:28', '0000-00-00', 0, '', '', ''),
	(375, '152', 13, 702, 1, 6.78, 6.78, 2, 0, '2017-08-13 00:13:42', '0000-00-00', 0, '', '', ''),
	(376, '152', 13, 703, 1, 6.78, 6.78, 2, 0, '2017-08-13 00:16:29', '0000-00-00', 0, '', '', ''),
	(378, '9e168d57-5905-4c36-b8b1-8036e0ba462a', 9, 0, 4, 17.5, 70, 1, 0, '2017-08-13 11:19:08', '0000-00-00', 0, '', '', ''),
	(379, '177', 0, 723, 0, 0, 0, 2, 0, '2017-08-13 15:52:01', '0000-00-00', 0, '0', '0', '0'),
	(380, '318cf6cd-3bd1-4cf5-8899-03ed7806f9c6', 9, 0, 1, 17.5, 17.5, 1, 0, '2017-08-13 18:42:31', '0000-00-00', 0, '', '', ''),
	(382, '172', 13, 706, 100, 6.78, 678, 2, 0, '2017-08-14 09:13:09', '0000-00-00', 0, '', '', ''),
	(383, '4327762c-84fb-4278-b6bd-dc762d7d35d7', 9, 0, 1, 17.5, 17.5, 1, 0, '2017-08-14 10:53:34', '0000-00-00', 0, '', '', ''),
	(384, '136', 14, 707, 20, 11.5, 230, 2, 0, '2017-08-14 11:20:22', '0000-00-00', 0, '0', '0', '0'),
	(385, '520396d5-1d20-4bdc-8023-03699f35c437', 9, 0, 5, 17.5, 87.5, 1, 0, '2017-08-14 12:36:59', '0000-00-00', 0, '', '', ''),
	(390, '173', 9, 708, 10, 17.5, 175, 2, 0, '2017-08-14 14:34:11', '0000-00-00', 0, '', '', ''),
	(391, '17e2e0c0-4b16-4103-995d-051513538c9d', 9, 0, 6, 17.5, 105, 1, 0, '2017-08-14 17:34:31', '0000-00-00', 0, '', '', ''),
	(394, '177', 12, 730, 10, 13.56, 135.6, 2, 0, '2017-08-15 03:10:25', '0000-00-00', 0, '', '', ''),
	(395, '175', 9, 709, 12, 17.5, 210, 2, 0, '2017-08-15 03:41:54', '0000-00-00', 0, '', '', ''),
	(396, '136', 5, 710, 2, 17.5, 35, 2, 0, '2017-08-15 13:29:30', '0000-00-00', 0, '', '', ''),
	(397, '136', 13, 710, 1, 6.78, 6.78, 2, 0, '2017-08-15 13:30:44', '0000-00-00', 0, '', '', ''),
	(401, '232499d9-da48-4ce4-b3a8-1f1194d637d3', 13, 0, 2, 6.78, 13.56, 1, 0, '2017-08-15 13:37:50', '0000-00-00', 0, '', '', ''),
	(406, '136', 15, 711, 9, 10, 90, 2, 0, '2017-08-15 19:02:19', '0000-00-00', 0, '0', '0', '0'),
	(410, '2', 5, 712, 20, 17.5, 350, 2, 0, '2017-08-16 00:44:22', '0000-00-00', 0, '0', '0', '0'),
	(417, '178', 5, 715, 1, 17.5, 17.5, 2, 0, '2017-08-16 06:24:59', '0000-00-00', 0, '', '', ''),
	(418, '178', 9, 715, 1, 17.5, 17.5, 2, 0, '2017-08-16 06:25:51', '0000-00-00', 0, '', '', ''),
	(419, '178', 5, 716, 1, 17.5, 17.5, 2, 0, '2017-08-16 06:28:15', '0000-00-00', 0, '', '', ''),
	(420, '178', 12, 717, 1, 13.56, 13.56, 2, 0, '2017-08-16 06:32:23', '0000-00-00', 0, '', '', ''),
	(421, '178', 12, 718, 1, 13.56, 13.56, 2, 0, '2017-08-16 06:33:13', '0000-00-00', 0, '', '', ''),
	(422, '178', 12, 719, 1, 13.56, 13.56, 2, 0, '2017-08-16 06:35:06', '0000-00-00', 0, '', '', ''),
	(423, '178', 5, 720, 1, 17.5, 17.5, 2, 0, '2017-08-16 06:36:20', '0000-00-00', 0, '', '', ''),
	(424, '178', 5, 721, 40, 17.5, 700, 2, 0, '2017-08-16 07:08:20', '0000-00-00', 0, '', '', ''),
	(425, '177', 5, 730, 4, 17.5, 70, 2, 0, '2017-08-16 13:30:23', '0000-00-00', 0, '', '', ''),
	(428, '177', 12, 730, 1, 13.56, 13.56, 2, 0, '2017-08-16 18:26:53', '0000-00-00', 0, '', '', ''),
	(429, '177', 14, 730, 1, 11.5, 11.5, 2, 0, '2017-08-17 07:24:03', '0000-00-00', 0, '', '', ''),
	(430, '179', 13, 722, 20, 6.78, 135.6, 2, 0, '2017-08-17 09:37:03', '0000-00-00', 0, '', '', ''),
	(431, '8daf1536-3aff-4e91-a771-4911075ad3e0', 5, 0, 6, 17.5, 105, 1, 0, '2017-08-17 14:05:25', '0000-00-00', 0, '', '', ''),
	(433, '169', 14, 724, 4, 11.5, 46, 2, 0, '2017-08-17 20:27:08', '0000-00-00', 0, '', '', ''),
	(436, '96116a58-393c-4411-8778-8fa946fe863a', 12, 0, 10, 13.56, 135.6, 1, 0, '2017-08-18 14:57:39', '0000-00-00', 0, '', '', ''),
	(437, '177', 5, 730, 10, 17.5, 175, 2, 0, '2017-08-18 20:25:48', '0000-00-00', 0, '', '', ''),
	(438, '2ddc10fe-4616-4465-a986-246a2ba452e6', 14, 0, 10, 11.5, 115, 1, 0, '2017-08-19 13:42:40', '0000-00-00', 0, '', '', ''),
	(439, '177', 14, 730, 1, 11.5, 11.5, 2, 0, '2017-08-19 14:26:28', '0000-00-00', 0, '', '', ''),
	(440, '185', 10, 0, 1, 16.5, 16.5, 1, 0, '2017-08-19 15:27:10', '0000-00-00', 0, '', '', ''),
	(441, '177', 5, 730, 1, 17.5, 17.5, 2, 0, '2017-08-19 15:36:26', '0000-00-00', 0, '', '', ''),
	(443, '186', 9, 725, 20, 17.5, 350, 2, 0, '2017-08-19 16:48:37', '0000-00-00', 0, '', '', ''),
	(444, '186', 10, 725, 5, 16.5, 82.5, 2, 0, '2017-08-19 16:50:02', '0000-00-00', 0, '', '', ''),
	(445, '177', 5, 730, 1, 17.5, 17.5, 2, 0, '2017-08-19 21:18:20', '0000-00-00', 0, '', '', ''),
	(448, '187', 5, 0, 20, 17.5, 350, 1, 0, '2017-08-19 22:27:55', '0000-00-00', 0, '', '', ''),
	(449, '177', 5, 730, 20, 17.5, 350, 2, 0, '2017-08-19 22:28:40', '0000-00-00', 0, '', '', ''),
	(450, '17d04d2e-8b39-4e16-9b87-d9889b206e51', 10, 0, 1, 16.5, 16.5, 1, 0, '2017-08-19 23:51:38', '0000-00-00', 0, '', '', ''),
	(451, '189', 14, 0, 10, 11.5, 115, 1, 0, '2017-08-20 08:17:09', '0000-00-00', 0, '', '', ''),
	(452, '3eb67b2e-b281-4c4e-8d58-be481aa265f1', 9, 0, 6, 17.5, 105, 1, 0, '2017-08-20 11:31:07', '0000-00-00', 0, '', '', ''),
	(453, '418aaed2-fe28-43c4-b720-996f6cf309f7', 9, 0, 5, 17.5, 87.5, 1, 0, '2017-08-20 13:56:52', '0000-00-00', 0, '', '', ''),
	(454, '177', 11, 730, 1, 14.5, 14.5, 2, 0, '2017-08-20 14:23:38', '0000-00-00', 0, '', '', ''),
	(457, '190', 5, 727, 1, 17.5, 17.5, 2, 0, '2017-08-20 15:14:23', '0000-00-00', 0, '', '', ''),
	(461, '942527f5-bd3a-452b-9d10-d1c348a22d7e', 5, 0, 1, 17.5, 17.5, 1, 0, '2017-08-20 21:57:27', '0000-00-00', 0, '', '', ''),
	(463, '191', 14, 729, 10, 11.5, 115, 2, 0, '2017-08-20 22:14:37', '0000-00-00', 0, '', '', ''),
	(464, 'ea317d51-3869-43d7-b5b4-12c6629e4541', 12, 0, 2, 13.56, 27.12, 1, 0, '2017-08-21 03:52:16', '0000-00-00', 0, '', '', ''),
	(467, '4fc9bd17-84db-4e42-b200-1d8cada1cef1', 9, 0, 1, 17.5, 17.5, 1, 0, '2017-08-21 16:16:22', '0000-00-00', 0, '', '', ''),
	(468, '1195fa54-a356-4fac-8596-e3d09598045a', 5, 0, 1, 17.5, 17.5, 1, 0, '2017-08-21 16:30:45', '0000-00-00', 0, '', '', ''),
	(469, '177', 5, 731, 20, 17.5, 350, 2, 0, '2017-08-21 19:45:30', '0000-00-00', 0, '0', '0', '0'),
	(472, '136', 12, 732, 20, 13.56, 271.2, 2, 0, '2017-08-21 20:45:17', '0000-00-00', 0, '0', '0', '0'),
	(476, '136', 5, 733, 20, 17.5, 350, 2, 0, '2017-08-21 20:57:46', '0000-00-00', 0, '0', '0', '0'),
	(478, '136', 14, 733, 20, 11.5, 230, 2, 0, '2017-08-21 20:58:06', '0000-00-00', 0, '0', '0', '0'),
	(479, 'ec51447c-ee89-4323-84cd-e17ecb6621a3', 5, 0, 1, 17.5, 17.5, 1, 0, '2017-08-21 23:37:41', '0000-00-00', 0, '', '', ''),
	(480, '193', 9, 734, 2, 17.5, 35, 2, 0, '2017-08-22 09:42:41', '0000-00-00', 0, '', '', ''),
	(481, '193', 5, 734, 1, 17.5, 17.5, 2, 0, '2017-08-22 09:44:26', '0000-00-00', 0, '', '', ''),
	(482, '136', 5, 735, 20, 17.5, 350, 2, 0, '2017-08-22 09:50:54', '0000-00-00', 0, '0', '0', '0'),
	(483, 'df2931d1-0e04-4e98-a917-2b381bcff662', 5, 0, 1, 17.5, 17.5, 1, 0, '2017-08-22 16:25:56', '0000-00-00', 0, '', '', ''),
	(485, '136', 12, 736, 20, 13.56, 271.2, 2, 0, '2017-08-22 20:26:21', '0000-00-00', 0, '0', '0', '0'),
	(487, '195', 13, 737, 1, 6.78, 6.78, 2, 0, '2017-08-22 20:58:41', '0000-00-00', 0, '', '', ''),
	(488, '196', 5, 0, 1, 17.5, 17.5, 1, 0, '2017-08-23 02:50:26', '0000-00-00', 0, '', '', ''),
	(489, '196', 13, 0, 1, 6.78, 6.78, 1, 0, '2017-08-23 02:52:18', '0000-00-00', 0, '', '', ''),
	(492, 'cdab68d7-b9ee-4822-9316-51cd0b28d583', 9, 0, 15, 17.5, 262.5, 1, 0, '2017-08-23 08:27:07', '0000-00-00', 0, '', '', ''),
	(493, '136', 13, 738, 20, 6.78, 135.6, 2, 0, '2017-08-23 09:35:43', '0000-00-00', 0, '0', '0', '0'),
	(494, '197', 9, 739, 48, 17.5, 840, 2, 0, '2017-08-23 12:22:14', '0000-00-00', 0, '0', '0', '0'),
	(495, '41f786fc-0e2c-4088-9f2e-790a3093a0af', 13, 0, 11, 6.78, 74.58, 1, 0, '2017-08-23 13:24:43', '0000-00-00', 0, '', '', ''),
	(496, '197', 5, 0, 20, 17.5, 350, 1, 0, '2017-08-23 15:39:56', '0000-00-00', 0, '0', '0', '0'),
	(498, '205', 9, 740, 21, 17.5, 367.5, 2, 0, '2017-08-23 17:04:55', '0000-00-00', 0, '', '', ''),
	(499, '205', 10, 740, 4, 16.5, 66, 2, 0, '2017-08-23 17:05:31', '0000-00-00', 0, '', '', ''),
	(500, '205', 5, 740, 11, 17.5, 192.5, 2, 0, '2017-08-23 17:06:10', '0000-00-00', 0, '', '', ''),
	(501, '756ad36a-e89d-44fe-800c-f2d0ac45df3d', 12, 0, 1, 13.56, 13.56, 1, 0, '2017-08-23 17:33:09', '0000-00-00', 0, '', '', ''),
	(502, '204', 5, 0, 1, 17.5, 17.5, 1, 0, '2017-08-23 17:48:27', '0000-00-00', 0, '', '', ''),
	(503, '203', 5, 742, 28, 17.5, 490, 2, 0, '2017-08-23 19:25:03', '0000-00-00', 0, '0', '0', '0'),
	(504, '206', 5, 741, 10, 17.5, 175, 2, 0, '2017-08-23 19:41:20', '0000-00-00', 0, '', '', ''),
	(505, '100', 9, 0, 2, 17.5, 35, 1, 0, '2017-08-23 19:57:50', '0000-00-00', 0, '', '', ''),
	(507, '14c1e8e5-ecca-4104-94f3-b8f78c794564', 13, 0, 16, 6.78, 108.48, 1, 0, '2017-08-23 20:36:41', '0000-00-00', 0, '', '', ''),
	(508, '203', 14, 0, 25, 11.5, 287.5, 1, 0, '2017-08-23 20:50:11', '0000-00-00', 0, '0', '0', '0'),
	(509, 'dd1ea695-6726-4435-a71c-9e13b8eb1c15', 5, 0, 6, 17.5, 105, 1, 0, '2017-08-23 22:56:24', '0000-00-00', 0, '', '', ''),
	(511, '207', 9, 744, 1, 17.5, 17.5, 2, 0, '2017-08-24 07:06:29', '0000-00-00', 0, '', '', ''),
	(512, '36', 13, 745, 1, 6.78, 6.78, 2, 0, '2017-08-24 08:25:44', '0000-00-00', 0, '', '', ''),
	(513, '198', 5, 0, 20, 17.5, 350, 1, 0, '2017-08-24 08:45:38', '0000-00-00', 0, '0', '0', '0'),
	(514, '198', 9, 0, 22, 17.5, 385, 1, 0, '2017-08-24 08:49:05', '0000-00-00', 0, '0', '0', '0'),
	(520, '136', 5, 746, 20, 17.5, 350, 2, 0, '2017-08-24 13:09:02', '0000-00-00', 0, '0', '0', '0'),
	(521, '4c1e841a-d1f1-4980-85cb-2d099321adaa', 16, 0, 11, 15, 165, 1, 0, '2017-08-24 13:10:51', '0000-00-00', 0, '', '', ''),
	(522, '4c1e841a-d1f1-4980-85cb-2d099321adaa', 13, 0, 88, 6.78, 596.64, 1, 0, '2017-08-24 15:04:54', '0000-00-00', 0, '', '', ''),
	(524, '208', 11, 0, 22, 14.5, 319, 1, 0, '2017-08-24 15:28:13', '0000-00-00', 0, '0', '0', '0'),
	(525, '177', 15, 749, 20, 8, 160, 2, 0, '2017-08-24 16:13:39', '0000-00-00', 0, '0', '0', '0'),
	(526, '209', 9, 755, 2, 17.5, 35, 2, 0, '2017-08-24 16:28:33', '0000-00-00', 0, '', '', ''),
	(527, '209', 5, 755, 2, 17.5, 35, 2, 0, '2017-08-24 16:29:17', '0000-00-00', 0, '', '', ''),
	(528, '209', 19, 755, 10, 6, 60, 2, 0, '2017-08-24 16:30:00', '0000-00-00', 0, '', '', ''),
	(529, '177', 17, 750, 15, 14, 210, 2, 0, '2017-08-24 16:31:33', '0000-00-00', 0, '0', '0', '0'),
	(530, '177', 13, 751, 20, 6.78, 135.6, 2, 0, '2017-08-24 16:40:39', '0000-00-00', 0, '0', '0', '0'),
	(531, '177', 13, 752, 20, 6.78, 135.6, 2, 0, '2017-08-24 16:52:41', '0000-00-00', 0, '0', '0', '0'),
	(532, '177', 13, 753, 20, 6.78, 135.6, 2, 0, '2017-08-24 17:01:20', '0000-00-00', 0, '0', '0', '0'),
	(533, '177', 13, 754, 20, 6.78, 135.6, 2, 0, '2017-08-24 17:04:07', '0000-00-00', 0, '0', '0', '0'),
	(534, '209', 16, 755, 2, 15, 30, 2, 0, '2017-08-24 17:37:55', '0000-00-00', 0, '', '', ''),
	(535, '3ed82657-d895-4fe3-bdff-1352dcc65e06', 14, 0, 12, 11.5, 138, 1, 0, '2017-08-24 19:29:30', '0000-00-00', 0, '', '', ''),
	(536, '177', 13, 756, 20, 6.78, 135.6, 2, 0, '2017-08-24 19:49:01', '0000-00-00', 0, '0', '0', '0'),
	(541, '136', 18, 757, 10, 10, 100, 2, 0, '2017-08-24 21:17:46', '0000-00-00', 0, '0', '0', '0'),
	(542, '136', 12, 757, 20, 13.56, 271.2, 2, 0, '2017-08-24 21:17:55', '0000-00-00', 0, '0', '0', '0'),
	(543, '136', 17, 758, 15, 14, 210, 2, 0, '2017-08-24 21:25:47', '0000-00-00', 0, '0', '0', '0'),
	(545, '136', 19, 759, 20, 6, 120, 2, 0, '2017-08-24 22:10:12', '0000-00-00', 0, '0', '0', '0'),
	(546, '210', 17, 768, 2, 14, 28, 2, 0, '2017-08-24 22:53:32', '0000-00-00', 0, '', '', ''),
	(547, '210', 15, 768, 1, 8, 8, 2, 0, '2017-08-24 22:55:07', '0000-00-00', 0, '', '', ''),
	(548, '210', 16, 768, 1, 15, 15, 2, 0, '2017-08-24 22:55:16', '0000-00-00', 0, '', '', ''),
	(549, '136', 18, 769, 10, 10, 100, 2, 0, '2017-08-24 23:49:23', '0000-00-00', 0, '0', '0', '0'),
	(550, '177', 13, 770, 20, 6.78, 135.6, 2, 0, '2017-08-25 01:18:55', '0000-00-00', 0, '0', '0', '0'),
	(551, '177', 13, 771, 20, 6.78, 135.6, 2, 0, '2017-08-25 01:33:05', '0000-00-00', 0, '0', '0', '0'),
	(553, '136', 11, 772, 20, 14.5, 290, 2, 0, '2017-08-25 01:54:21', '0000-00-00', 0, '0', '0', '0'),
	(554, '2', 18, 0, 10, 10, 100, 1, 0, '2017-08-25 02:00:28', '0000-00-00', 0, '0', '0', '0');
/*!40000 ALTER TABLE `cart` ENABLE KEYS */;

-- Dumping structure for table Isqenidev.cats
CREATE TABLE IF NOT EXISTS `cats` (
  `id` int(11) NOT NULL AUTO_INCREMENT,
  `city_id` int(11) DEFAULT NULL,
  `name` varchar(255) NOT NULL,
  `name_en` varchar(255) NOT NULL,
  `special` int(11) NOT NULL DEFAULT '0',
  `parent` int(11) NOT NULL DEFAULT '0',
  `photo` varchar(255) NOT NULL,
  `username` varchar(255) NOT NULL,
  `password` text NOT NULL,
  PRIMARY KEY (`id`)
) ENGINE=InnoDB AUTO_INCREMENT=17 DEFAULT CHARSET=utf8;

-- Dumping data for table Isqenidev.cats: ~10 rows (approximately)
/*!40000 ALTER TABLE `cats` DISABLE KEYS */;
INSERT INTO `cats` (`id`, `city_id`, `name`, `name_en`, `special`, `parent`, `photo`, `username`, `password`) VALUES
	(2, 1, 'مويا', 'Moya', 0, 0, 'http://isqeni.com/download/cats/1500366014.jpg', 'moya', '123456'),
	(3, 1, 'مياه لين ', 'Leen', 0, 0, 'http://isqeni.com/download/cats/1500366735.jpg', 'leen', '123456'),
	(7, 1, 'اوم ', 'oam', 0, 0, 'http://isqeni.com/download/cats/1501656899.jpg', 'oam', 'Ao123123'),
	(10, 1, 'آيسلندي، جليدي', 'Icelandic Glacial', 0, 0, 'http://35.196.171.153/isqenidev/download/cats/1509364180.jpg', 'Icelandic Glacial', '789789789'),
	(11, 1, 'هيئة', 'Newater', 0, 0, 'http://35.196.171.153/isqenidev/download/cats/1509364514.jpg', 'Newater', '789789789'),
	(12, 1, 'جبل، واد، وثب، وتر', 'Mountain Valley Spring Water', 0, 0, 'http://35.196.171.153/isqenidev/download/cats/1509364610.jpg', 'Mountain Valley', '789789789'),
	(13, 1, 'جانا', 'Jana', 0, 0, 'http://35.196.171.153/isqenidev/download/cats/1509364733.jpg', 'Jana', '789789789'),
	(14, 1, 'نستله ووترز', 'Nestlé Waters', 0, 0, 'http://35.196.171.153/isqenidev/download/cats/1509364812.jpg', 'Nestle', '789789789'),
	(15, 1, 'الطوب', 'Mattoni', 0, 0, 'http://35.196.171.153/isqenidev/download/cats/1509365067.png', 'Mattoni', '789789789'),
	(16, 1, 'بورجومي', 'Borjomi', 0, 0, 'http://35.196.171.153/isqenidev/download/cats/1509365240.jpg', 'Borjomi', '789789789');
/*!40000 ALTER TABLE `cats` ENABLE KEYS */;

-- Dumping structure for table Isqenidev.city_master
CREATE TABLE IF NOT EXISTS `city_master` (
  `id` int(11) NOT NULL AUTO_INCREMENT,
  `city_name_en` varchar(255) DEFAULT NULL,
  `city_name_ar` varchar(255) CHARACTER SET utf8 DEFAULT NULL,
  `status` int(11) DEFAULT '1',
  `is_deliver` int(11) DEFAULT '1',
  `created` datetime DEFAULT CURRENT_TIMESTAMP,
  PRIMARY KEY (`id`),
  UNIQUE KEY `city_name` (`city_name_en`)
) ENGINE=InnoDB AUTO_INCREMENT=18 DEFAULT CHARSET=latin1;

-- Dumping data for table Isqenidev.city_master: ~13 rows (approximately)
/*!40000 ALTER TABLE `city_master` DISABLE KEYS */;
INSERT INTO `city_master` (`id`, `city_name_en`, `city_name_ar`, `status`, `is_deliver`, `created`) VALUES
	(1, 'Riyadh', 'ریاض', 1, 1, '2017-07-21 02:55:31'),
	(2, 'Jeddah', 'الجدة', 1, 1, '2017-07-21 02:55:31'),
	(3, 'Khobar', 'الخبر', 1, 1, '2017-07-21 03:01:30'),
	(4, 'Jubail', 'الجبيل', 1, 1, '2017-07-21 03:02:05'),
	(7, 'Qassim', 'القصيم', 1, 1, '2017-07-21 03:02:05'),
	(8, 'Qatif', 'القطيف', 1, 1, '2017-08-09 00:55:31'),
	(9, 'Khafji', 'الخفجي', 1, 1, '2017-08-09 00:55:51'),
	(10, 'Kharj', 'الخرج', 1, 1, '2017-08-09 00:56:21'),
	(11, 'Hafar Al-Batin', 'حفر الباطن', 1, 1, '2017-08-09 00:56:49'),
	(12, 'Hassa', 'الأحساء', 1, 1, '2017-08-09 00:57:10'),
	(13, 'Dhahran', 'الظهران', 1, 1, '2017-08-09 00:57:43'),
	(14, 'Dammam', 'دمام', 1, 1, '2017-08-09 00:57:55'),
	(15, 'Bahrain', 'البحرين', 1, 1, '2017-08-09 00:58:10'),
	(16, 'gurugram', 'gurugram', 1, 1, '2017-10-31 13:24:45'),
	(17, 'gurgaon', 'gurgaon', 1, 1, '2017-10-31 13:24:56');
/*!40000 ALTER TABLE `city_master` ENABLE KEYS */;

-- Dumping structure for table Isqenidev.clients
CREATE TABLE IF NOT EXISTS `clients` (
  `id` int(11) NOT NULL AUTO_INCREMENT,
  `name` varchar(255) NOT NULL,
  `username` varchar(50) DEFAULT NULL,
  `mobile` varchar(40) NOT NULL,
  `email` varchar(100) NOT NULL,
  `city_id` int(11) DEFAULT NULL,
  `active` tinyint(1) NOT NULL DEFAULT '1',
  `password` varchar(255) NOT NULL,
  `device_token` varchar(300) NOT NULL DEFAULT '',
  `rdate` date NOT NULL,
  `utype` varchar(5) NOT NULL DEFAULT 'user',
  `user_language` int(1) DEFAULT NULL,
  `user_type` int(1) DEFAULT NULL COMMENT '1=>individual,2=>corporate,3=>mosque',
  `verified` int(1) DEFAULT '1',
  `verification_key` varchar(100) DEFAULT NULL,
  PRIMARY KEY (`id`)
) ENGINE=InnoDB AUTO_INCREMENT=273 DEFAULT CHARSET=utf8;

-- Dumping data for table Isqenidev.clients: ~203 rows (approximately)
/*!40000 ALTER TABLE `clients` DISABLE KEYS */;
INSERT INTO `clients` (`id`, `name`, `username`, `mobile`, `email`, `city_id`, `active`, `password`, `device_token`, `rdate`, `utype`, `user_language`, `user_type`, `verified`, `verification_key`) VALUES
	(2, 'محمد ', NULL, '0502888235', 'boohal458@gmail.com', 1, 1, '59792b420fd121ba5e1a82b884f6cb2f', 'APA91bEUZVuSzwzVyCDhWVLGhljc0Pf4cDKCx6S7jsXEqgcr25qr3PI4DQfk8pRDHQz30IJBAkQW73QFUZ-nMjKcYbPQ-xk98X1pBwUNFkxa3g_neuWLpDREl52_F4nvd57jZ78iMDSZ', '2017-02-04', 'user', NULL, NULL, 1, NULL),
	(4, 'غيداء', NULL, '0580433008', 'Ghq2020@gmail.com', 1, 1, '5bf4a92e55a63066d9b50fae006d5b69', 'APA91bGyuP9A6FaB29jcxY6eGY-B-1v6rsEkoFdo7aGG6_pGnFqztkdneRhp4ttUkwTV1AdL6j0xef-ys1pMPUjXoVHQiP7--8HiQRS07oaeUdZgIE6Vsamrbac-fDnvNWnM6S7IN59P', '2017-02-06', 'user', NULL, NULL, 1, NULL),
	(5, 'MajedSalawi', NULL, '0533395074', 'mjhs2008@hotmail.com', 1, 1, '5bf4a92e55a63066d9b50fae006d5b69', '', '2017-02-09', 'user', NULL, NULL, 1, NULL),
	(8, 'Ali', NULL, '0113333333', 'am@gmail.com', 1, 1, '5bf4a92e55a63066d9b50fae006d5b69', '', '2017-03-07', 'user', NULL, NULL, 1, NULL),
	(9, 'emad', NULL, '01201541363', 'amb@gmail.com', 1, 1, '5bf4a92e55a63066d9b50fae006d5b69', 'APA91bH3QoqGp4Xm2_lRD5YriASUy3cHTlG7SfZ16El-gslPiOruqcUIVYw9xUDePCKz7QK9czHKDCJW3AithUbivwxVz1KA0KArlUwAv_EZ4ozV80yoscUo2u-tIaL4j0zYtTK3fQ71', '2017-03-23', 'user', NULL, NULL, 1, NULL),
	(13, 'ahmed', NULL, '0501707682', 'ahmed.hassan01111971530@gmail.com', 1, 1, '5bf4a92e55a63066d9b50fae006d5b69', '', '2017-04-24', 'user', NULL, NULL, 1, NULL),
	(14, 'احمد', NULL, '0504364333', 'ahmedegycar@gmail.com', 1, 1, '5bf4a92e55a63066d9b50fae006d5b69', 'APA91bGAyEm3jU2-eE-KY8Gv7bPhizhh7MMKFJ66BAa1f0aJnwv8BeT6wy61wwoiKtR6N0U8jEd4MMhQ9jVWoy6J16gLN_MCvdJPEiAVksI1YqYLopVbdK6IcF7lfiPo5X_ss2xqB0YB', '2017-04-30', 'user', NULL, NULL, 1, NULL),
	(15, 'فهد', NULL, '0503193764', 'm6i5r3@hotmail.com', 1, 1, '5bf4a92e55a63066d9b50fae006d5b69', 'APA91bHbFIbrrLiTEi-l5MH90zCejQdZPq_Qno-GuLgIJGpBfwASsiRPZls26QCOp6HdjwcLo_WOPq0h48V_G9VLrxrJZBeJycdPu6UHvwElxS0HaUURkDy3CGXktMidlq7Z3xL9ESRh', '2017-05-03', 'user', NULL, NULL, 1, NULL),
	(16, 'nirvana', NULL, '01097311391', 'nervanaadel89@gmail.com', 1, 1, '5bf4a92e55a63066d9b50fae006d5b69', '', '2017-05-06', 'user', NULL, NULL, 1, NULL),
	(17, 'muha', NULL, '0538180347', 'mdh178@hotmail.com', 1, 1, '5bf4a92e55a63066d9b50fae006d5b69', 'APA91bH9qU6ZLUym7BMGouZP28FicZPuZWISp1psqUyAIZ-X_pDUgvuJvoDJjDarWtL9B6sQH4A9UoXA3DCSqwP_ykeXWRa49KmnXBU2Kz79oHzflMWn0Qqbe4fRQ9vhqVhUxpLvCehR', '2017-05-28', 'user', NULL, NULL, 1, NULL),
	(18, 'asalwi', NULL, '0505234234', 'alijhsalwi9@hotmail.com', 1, 1, '5bf4a92e55a63066d9b50fae006d5b69', '', '2017-05-29', 'user', NULL, NULL, 1, NULL),
	(19, 'reem', NULL, '0564880208', 'reem@tawil.co', 1, 1, '5bf4a92e55a63066d9b50fae006d5b69', '', '2017-05-30', 'user', NULL, NULL, 1, NULL),
	(20, 'نوال جبران', NULL, '٠٥٠٤١٩٤٨٢٢', 'njhs1256@gmail.com', 1, 1, '5bf4a92e55a63066d9b50fae006d5b69', '', '2017-05-30', 'user', NULL, NULL, 1, NULL),
	(21, 'batool', NULL, '0555350135', 'toto١١toto223@gmail.com', 1, 1, '5bf4a92e55a63066d9b50fae006d5b69', '', '2017-05-30', 'user', NULL, NULL, 1, NULL),
	(22, 'abdullah', NULL, '0538110011', 'toto11toto223@gmail.com', 1, 1, '5bf4a92e55a63066d9b50fae006d5b69', '', '2017-05-31', 'user', NULL, NULL, 1, NULL),
	(23, 'عبدالله المطيري ', NULL, '0509232470', 'saaho121@gmail.com', 1, 1, '5bf4a92e55a63066d9b50fae006d5b69', '', '2017-05-31', 'user', NULL, NULL, 1, NULL),
	(24, 'نوره', NULL, '0536321774', 'queen-2014@hotmail.com', 1, 1, '5bf4a92e55a63066d9b50fae006d5b69', '', '2017-06-01', 'user', NULL, NULL, 1, NULL),
	(25, 'احمد الحميد', NULL, '0560037390', 'ahmedalhumaid8@gmail.com', 1, 1, '5bf4a92e55a63066d9b50fae006d5b69', '', '2017-06-01', 'user', NULL, NULL, 1, NULL),
	(26, 'Hossam Sogati', NULL, '0568985686', 'sogatiht1988@gmail.com', 1, 1, '5bf4a92e55a63066d9b50fae006d5b69', '', '2017-06-02', 'user', NULL, NULL, 1, NULL),
	(27, 'amani', NULL, '0544455493', 'i2maniall@gmail.com', 1, 1, '5bf4a92e55a63066d9b50fae006d5b69', '', '2017-06-02', 'user', NULL, NULL, 1, NULL),
	(28, 'نايف', NULL, '٠٥٦٠٣٤٦٨٦٨', 'n._g@hotmail.com', 1, 1, '5bf4a92e55a63066d9b50fae006d5b69', '', '2017-06-02', 'user', NULL, NULL, 1, NULL),
	(29, 'Badr Alamoudi', NULL, '0550422002', 'bmo.10@hotmail.com', 1, 1, '5bf4a92e55a63066d9b50fae006d5b69', '', '2017-06-03', 'user', NULL, NULL, 1, NULL),
	(30, 'ابرار ', NULL, '0550440686', 'broo.msn@hotmail.com', 1, 1, '5bf4a92e55a63066d9b50fae006d5b69', '', '2017-06-03', 'user', NULL, NULL, 1, NULL),
	(31, 'ziyad', NULL, '0569900003', 'ziyad@altwaijri.com', 1, 1, '5bf4a92e55a63066d9b50fae006d5b69', '', '2017-06-04', 'user', NULL, NULL, 1, NULL),
	(32, 'anas', NULL, '0555314838', 'en.alnazawi.a.o@gmail.com', 1, 1, '5bf4a92e55a63066d9b50fae006d5b69', '', '2017-06-04', 'user', NULL, NULL, 1, NULL),
	(33, 'ام وعد ', NULL, '٠٥٦٧٧٩٠٠٧٠', 'fadwaaliab@gmail.com', 1, 1, '5bf4a92e55a63066d9b50fae006d5b69', '', '2017-06-04', 'user', NULL, NULL, 1, NULL),
	(34, 'عبدالله ', NULL, '0542407918', 'basmah_194@hotmail.com', 1, 1, '5bf4a92e55a63066d9b50fae006d5b69', '', '2017-06-05', 'user', NULL, NULL, 1, NULL),
	(35, 'عبدالله ', NULL, '0541934740', 'wedadalenzi1997@gmail.com', 1, 1, '5bf4a92e55a63066d9b50fae006d5b69', '', '2017-06-06', 'user', NULL, NULL, 1, NULL),
	(36, 'سعيد', NULL, '٠٥٥١١٢٤٢٤٤', 'sss6602008@hotmail.com', 1, 1, '5bf4a92e55a63066d9b50fae006d5b69', '', '2017-06-06', 'user', NULL, NULL, 1, NULL),
	(37, 'عبدالقادر عبدالله القحطاني', NULL, '٠٥٥٣٧٤٨٤٧٤', 'fn1426@hotmail.com', 1, 1, '5bf4a92e55a63066d9b50fae006d5b69', '', '2017-06-08', 'user', NULL, NULL, 1, NULL),
	(38, 'adel', NULL, '0569969116', 'eng.adel01@hitmail.com', 1, 1, '5bf4a92e55a63066d9b50fae006d5b69', '', '2017-06-08', 'user', NULL, NULL, 1, NULL),
	(39, 'ياسر الحربي', NULL, '0554649908', 'Yaser.harbi@gmail.com', 1, 1, '5bf4a92e55a63066d9b50fae006d5b69', '', '2017-06-09', 'user', NULL, NULL, 1, NULL),
	(40, 'محمد', NULL, '0532953007', 'baju585@hotmail.com', 1, 1, '5bf4a92e55a63066d9b50fae006d5b69', '', '2017-06-10', 'user', NULL, NULL, 1, NULL),
	(41, 'Amaal', NULL, '0559535505', 'ouon3lia@hotmail.com', 1, 1, '5bf4a92e55a63066d9b50fae006d5b69', '', '2017-06-10', 'user', NULL, NULL, 1, NULL),
	(42, 'محمد احمد عطيف', NULL, '0502722770', 'm0502722770@hotmail.com', 1, 1, '5bf4a92e55a63066d9b50fae006d5b69', '', '2017-06-10', 'user', NULL, NULL, 1, NULL),
	(43, 'reem', NULL, '0564641755', 'ryo0oma90@hotmail.com', 1, 1, '5bf4a92e55a63066d9b50fae006d5b69', '', '2017-06-11', 'user', NULL, NULL, 1, NULL),
	(44, 'ola', NULL, '0505712515', 'olaad69@hotmail.com', 1, 1, '5bf4a92e55a63066d9b50fae006d5b69', '', '2017-06-11', 'user', NULL, NULL, 1, NULL),
	(45, 'حمد الراكان ', NULL, '00966544409245', 'hamad@ryada.com', 1, 1, '5bf4a92e55a63066d9b50fae006d5b69', '', '2017-06-11', 'user', NULL, NULL, 1, NULL),
	(46, 'عطالله', NULL, '0531300444', 'Wzxqas21@icloud.com', 1, 1, '5bf4a92e55a63066d9b50fae006d5b69', '', '2017-06-12', 'user', NULL, NULL, 1, NULL),
	(47, 'مها', NULL, '05323335599', 'm.k.j.love@live.com', 1, 1, '5bf4a92e55a63066d9b50fae006d5b69', '', '2017-06-13', 'user', NULL, NULL, 1, NULL),
	(48, 'مهند', NULL, '0595014026', 'mohanadhd161@gmail.com', 1, 1, '5bf4a92e55a63066d9b50fae006d5b69', '', '2017-06-13', 'user', NULL, NULL, 1, NULL),
	(49, 'سارهـ ', NULL, '0509756075', 'saa1408@hotmail.com', 1, 1, '5bf4a92e55a63066d9b50fae006d5b69', '', '2017-06-13', 'user', NULL, NULL, 1, NULL),
	(50, 'Sumayah', NULL, '0550354557', 'somaia1413@yahoo.com', 1, 1, '5bf4a92e55a63066d9b50fae006d5b69', '', '2017-06-16', 'user', NULL, NULL, 1, NULL),
	(51, 'Eman Asiri', NULL, '0566960060', 'sqarni40@icloud.com', 1, 1, '5bf4a92e55a63066d9b50fae006d5b69', '', '2017-06-19', 'user', NULL, NULL, 1, NULL),
	(52, 'عبدالله', NULL, '0566006224', 'cloud-1234@outlook.sa', 1, 1, '5bf4a92e55a63066d9b50fae006d5b69', '', '2017-06-19', 'user', NULL, NULL, 1, NULL),
	(53, 'خالد العجمي ', NULL, '٠٥٥٥٩٥٢٥٦٦', 'hm@hotmail.com', 1, 1, '5bf4a92e55a63066d9b50fae006d5b69', '', '2017-06-19', 'user', NULL, NULL, 1, NULL),
	(55, 'عبدالمجيد', NULL, '0505255391', 'mjood_911@hotmail.com', 1, 1, '5bf4a92e55a63066d9b50fae006d5b69', '', '2017-06-21', 'user', NULL, NULL, 1, NULL),
	(56, 'أم نايف ', NULL, '0560002052', 'amool200969@windowslive.com', 1, 1, '5bf4a92e55a63066d9b50fae006d5b69', '', '2017-06-21', 'user', NULL, NULL, 1, NULL),
	(57, 'sufian', NULL, '0540394924', 'sufian@Moyawater.com', 1, 1, '5bf4a92e55a63066d9b50fae006d5b69', '', '2017-06-21', 'user', NULL, NULL, 1, NULL),
	(58, 'علي عسيري ', NULL, '٠٥٣٥٥٠٨٨٩٩', 'alalkamy1389@hotmail.com', 1, 1, '5bf4a92e55a63066d9b50fae006d5b69', '', '2017-06-22', 'user', NULL, NULL, 1, NULL),
	(59, 'منى', NULL, '0566769504', 'Mnoosh11@icloud.com', 1, 1, '5bf4a92e55a63066d9b50fae006d5b69', '', '2017-06-22', 'user', NULL, NULL, 1, NULL),
	(60, 'abdulaziz ', NULL, '0555199981', 'a.aljuraisi@gmail.com', 1, 1, '5bf4a92e55a63066d9b50fae006d5b69', '', '2017-06-22', 'user', NULL, NULL, 1, NULL),
	(61, 'aliaa', NULL, '0506695446', 'alia-1989@hotmail.com', 1, 1, '5bf4a92e55a63066d9b50fae006d5b69', '', '2017-06-23', 'user', NULL, NULL, 1, NULL),
	(62, 'ابوعبدالله', NULL, '٠٥٥٠٠٤٥٦١٣', 'hb.bn.82@gmail.com', 1, 1, '5bf4a92e55a63066d9b50fae006d5b69', '', '2017-06-23', 'user', NULL, NULL, 1, NULL),
	(63, 'ابراهيم ', NULL, '0555451163', 'ree1407eem@hotmail.com', 1, 1, '5bf4a92e55a63066d9b50fae006d5b69', '', '2017-06-23', 'user', NULL, NULL, 1, NULL),
	(64, 'hadeel alanzy', NULL, '0566494966', 'hadeel-h-alanzy@hotmail.com', 1, 1, '5bf4a92e55a63066d9b50fae006d5b69', '', '2017-06-24', 'user', NULL, NULL, 1, NULL),
	(65, 'عبدالله ', NULL, '0552708204', 'tabon77@hotmail.com', 1, 1, '5bf4a92e55a63066d9b50fae006d5b69', '', '2017-06-25', 'user', NULL, NULL, 1, NULL),
	(66, 'مزيد العتيبي', NULL, '0555338305', 'abo_3azam_2580@hotmail.com', 1, 1, '5bf4a92e55a63066d9b50fae006d5b69', '', '2017-06-29', 'user', NULL, NULL, 1, NULL),
	(67, 'Abdullah Saud', NULL, '0553447644', 'Abdullahbinsaud1976@gmail.com', 1, 1, '5bf4a92e55a63066d9b50fae006d5b69', '', '2017-06-29', 'user', NULL, NULL, 1, NULL),
	(68, 'نوره النفيعي', NULL, '٠٥٨١٧٧٧١٢١', 'noorasn2@gmail.com', 1, 1, '5bf4a92e55a63066d9b50fae006d5b69', '', '2017-07-01', 'user', NULL, NULL, 1, NULL),
	(69, 'Lina ', NULL, '0566900070', 'linaalshaya@gmail.com', 1, 1, '5bf4a92e55a63066d9b50fae006d5b69', '', '2017-07-01', 'user', NULL, NULL, 1, NULL),
	(70, 'عبدالعزيز  الجبرين', NULL, '٠٥٥٥٢٥٨٨٥٢', 'aa852bb@hotmail.com', 1, 1, '5bf4a92e55a63066d9b50fae006d5b69', '', '2017-07-01', 'user', NULL, NULL, 1, NULL),
	(71, 'Saad Alassaf ', NULL, '+966594245556', 'saad.alassaf94@gmail.com', 1, 1, '5bf4a92e55a63066d9b50fae006d5b69', '', '2017-07-02', 'user', NULL, NULL, 1, NULL),
	(72, 'mohanad', NULL, '0506749417', 'hadeel66666@hotmail.com', 1, 1, '5bf4a92e55a63066d9b50fae006d5b69', '', '2017-07-02', 'user', NULL, NULL, 1, NULL),
	(73, 'saleh', NULL, '0554640003', 'alsaedisaleh@hotmail.com', 1, 1, '5bf4a92e55a63066d9b50fae006d5b69', '', '2017-07-02', 'user', NULL, NULL, 1, NULL),
	(74, 'Abdullah Ali assere', NULL, '0505753937', 'abdullah1960_0@hotmail.com', 1, 1, '5bf4a92e55a63066d9b50fae006d5b69', '', '2017-07-03', 'user', NULL, NULL, 1, NULL),
	(75, 'عبدالله', NULL, '0560670555', 'Loveeer_s@hotmail.com', 1, 1, '5bf4a92e55a63066d9b50fae006d5b69', '', '2017-07-04', 'user', NULL, NULL, 1, NULL),
	(76, 'abeer', NULL, '0557790810', 'beerolove636@gmail.com', 1, 1, '5bf4a92e55a63066d9b50fae006d5b69', '', '2017-07-05', 'user', NULL, NULL, 1, NULL),
	(77, 'عبدالله عسيري', NULL, '0503028100', 'abduallah1399@hotmail.con', 1, 1, '5bf4a92e55a63066d9b50fae006d5b69', '', '2017-07-05', 'user', NULL, NULL, 1, NULL),
	(78, 'wael', NULL, '0550799182', 'waelelshoney@yahoo.com', 1, 1, '5bf4a92e55a63066d9b50fae006d5b69', 'APA91bGRbt-AHuI6DIIl_6r8rT8CsEucR6z_6ka2CkP1S1vqiNmG7MU9qdycuF-kw0JIqLxvfPOESXOxvhDQ9MuT97o9D2TkP09c3hDd6P5yXSqVJje6Km0a4MGlCGq2KiU1Jbj8d7Ep', '2017-07-05', 'user', NULL, NULL, 1, NULL),
	(79, 'طارق صقر', NULL, '0544534340', 'tareq444t@gmail.com', 1, 1, '5bf4a92e55a63066d9b50fae006d5b69', '', '2017-07-05', 'user', NULL, NULL, 1, NULL),
	(80, 'روان عسيري', NULL, '0536947659', 'rawann_29@hotmail.com', 1, 1, '5bf4a92e55a63066d9b50fae006d5b69', '', '2017-07-06', 'user', NULL, NULL, 1, NULL),
	(81, 'يزن الرويلي', NULL, '0533145101', 'alrwylyyasmyn2@gmail.com', 1, 1, '5bf4a92e55a63066d9b50fae006d5b69', '', '2017-07-07', 'user', NULL, NULL, 1, NULL),
	(82, 'محمد الشهري', NULL, '0559622002', 'malshahri20@gmail.com', 1, 1, '5bf4a92e55a63066d9b50fae006d5b69', '', '2017-07-08', 'user', NULL, NULL, 1, NULL),
	(83, 'HUSSAM ALJASSIM ', NULL, '0561616498', 'husksa@gmail.com', 1, 1, '5bf4a92e55a63066d9b50fae006d5b69', '', '2017-07-08', 'user', NULL, NULL, 1, NULL),
	(84, 'Ahmad', NULL, '0543270237', 'taibah223@hotmail.com', 1, 1, '5bf4a92e55a63066d9b50fae006d5b69', '', '2017-07-08', 'user', NULL, NULL, 1, NULL),
	(85, 'mohammad', NULL, '0540455135', 'mohammadalhassoun@gmail.com', 1, 1, '5bf4a92e55a63066d9b50fae006d5b69', '', '2017-07-09', 'user', NULL, NULL, 1, NULL),
	(86, 'doody', NULL, '0543227683', 'DoodyDRAlshehrii@gmail.com', 1, 1, '5bf4a92e55a63066d9b50fae006d5b69', '', '2017-07-09', 'user', NULL, NULL, 1, NULL),
	(87, 'Fauzi Jaha', NULL, '0540906060', 'jahfa849@gmail.com', 1, 1, '5bf4a92e55a63066d9b50fae006d5b69', '', '2017-07-09', 'user', NULL, NULL, 1, NULL),
	(88, 'سعد التركي', NULL, '0502448877', 'sweet_d55@hotmail.com', 1, 1, '5bf4a92e55a63066d9b50fae006d5b69', '', '2017-07-09', 'user', NULL, NULL, 1, NULL),
	(89, 'norh', NULL, '0566744978', 'norh.s.alnasser@hotmail.com', 1, 1, '5bf4a92e55a63066d9b50fae006d5b69', '', '2017-07-10', 'user', NULL, NULL, 1, NULL),
	(90, 'محمد سعد القحطاني', NULL, '0552482955', 'jojo--55@man.com', 1, 1, '5bf4a92e55a63066d9b50fae006d5b69', '', '2017-07-11', 'user', NULL, NULL, 1, NULL),
	(91, 'تركي', NULL, '0564428886', 'om-reema1@hotmail.com', 1, 1, '5bf4a92e55a63066d9b50fae006d5b69', '', '2017-07-11', 'user', NULL, NULL, 1, NULL),
	(92, 'enas', NULL, '0548333454', 'e.m.j.q@hotmail.com', 1, 1, '5bf4a92e55a63066d9b50fae006d5b69', '', '2017-07-11', 'user', NULL, NULL, 1, NULL),
	(93, 'Norah Alshammari', NULL, '0592199939', 'norah-f_1413@hotmail.com', 1, 1, '5bf4a92e55a63066d9b50fae006d5b69', '', '2017-07-12', 'user', NULL, NULL, 1, NULL),
	(94, 'محمد البيشي', NULL, '0564664098', 'mbalbishi@gmail.com', 1, 1, '5bf4a92e55a63066d9b50fae006d5b69', 'APA91bGCAuTBbAOrU_QqjWMvQOFUuTs4Wxset3rRzKbqb1kcO7nEBJGI_7JLkpg_iXP4BlUicZzXLyigP89iNgt6LjnCJmDvUh33ntMLpMhuuVttKBwjtxBtCg_1jj7xI55ruaWzOcGk', '2017-07-12', 'user', NULL, NULL, 1, NULL),
	(95, 'Almutairi', NULL, '0500007580', 'alateeb666@hotmail.com', 1, 1, '5bf4a92e55a63066d9b50fae006d5b69', '', '2017-07-12', 'user', NULL, NULL, 1, NULL),
	(96, 'حمود السهلي', NULL, '0554118302', '3alm5yal@gmail.com', 1, 1, 'e10adc3949ba59abbe56e057f20f883e', '', '2017-07-12', 'user', NULL, NULL, 1, NULL),
	(97, 'عبدالله السكران', NULL, '0563943593', 'skran707@hotmail.com', 1, 1, '5bf4a92e55a63066d9b50fae006d5b69', '', '2017-07-13', 'user', NULL, NULL, 1, NULL),
	(98, 'اثير', NULL, '0591554740', 'ahao66@hotmail.com', 1, 1, '5bf4a92e55a63066d9b50fae006d5b69', '', '2017-07-13', 'user', NULL, NULL, 1, NULL),
	(99, 'saud', NULL, '0505493829', 'Saud99_ksa@hotmail.com', 1, 1, '5bf4a92e55a63066d9b50fae006d5b69', '', '2017-07-13', 'user', NULL, NULL, 1, NULL),
	(100, 'amal', NULL, '0502333395', 'sama-d11@hotmail.com', 1, 1, '5bf4a92e55a63066d9b50fae006d5b69', '', '2017-07-15', 'user', NULL, NULL, 1, NULL),
	(101, 'هبه', NULL, '0536285051', 'hbooe20@hotmail.com', 1, 1, '5bf4a92e55a63066d9b50fae006d5b69', '', '2017-07-15', 'user', NULL, NULL, 1, NULL),
	(102, 'raya', NULL, '0542200306', 'raya_1@hotmail.com', 1, 1, '5bf4a92e55a63066d9b50fae006d5b69', '', '2017-07-16', 'user', NULL, NULL, 1, NULL),
	(103, 'khaled', NULL, '0553389449', 'nawara-1984@windowslive.com', 1, 1, '5bf4a92e55a63066d9b50fae006d5b69', '', '2017-07-16', 'user', NULL, NULL, 1, NULL),
	(104, 'layla', NULL, '0507309091', 'loooly369@hotmail.com', 1, 1, '5bf4a92e55a63066d9b50fae006d5b69', '', '2017-07-17', 'user', NULL, NULL, 1, NULL),
	(105, 'خلود', NULL, '٥٥٢٦٥١٣٠٤', 'noooooge@htmail.com', 1, 1, '5bf4a92e55a63066d9b50fae006d5b69', '', '2017-07-17', 'user', NULL, NULL, 1, NULL),
	(106, 'عبدالرحمن علي ال سيف', NULL, '0555746662', 'abha1421@yahoo.com', 1, 1, '5bf4a92e55a63066d9b50fae006d5b69', '', '2017-07-18', 'user', NULL, NULL, 1, NULL),
	(107, 'Muhammad A Al Mulla', NULL, '0558550474', 'mulla28@gmail.com', 1, 1, '5bf4a92e55a63066d9b50fae006d5b69', '', '2017-07-18', 'user', NULL, NULL, 1, NULL),
	(108, 'محمد', NULL, '0568453081', 'gege--707@hotmail.com', 1, 1, '5bf4a92e55a63066d9b50fae006d5b69', '', '2017-07-19', 'user', NULL, NULL, 1, NULL),
	(109, ' صالح ابراهيم ', NULL, '0540657232', 'sa_nf_2009@hotmail.com', 1, 1, '5bf4a92e55a63066d9b50fae006d5b69', '', '2017-07-19', 'user', NULL, NULL, 1, NULL),
	(110, 'mohammed', NULL, '0553377097', 'mohammedalomair7@hotmail.com', 1, 1, '5bf4a92e55a63066d9b50fae006d5b69', '', '2017-07-20', 'user', NULL, NULL, 1, NULL),
	(111, 'ياسر المطيري', NULL, '0505341569', 'yasseryyss@gmail.com', 1, 1, '5bf4a92e55a63066d9b50fae006d5b69', '', '2017-07-20', 'user', NULL, NULL, 1, NULL),
	(112, 'm', NULL, '054444444444', 'm@s.com', 1, 1, '5bf4a92e55a63066d9b50fae006d5b69', '', '2017-07-21', 'user', NULL, NULL, 1, NULL),
	(113, 'نواف الحربي', NULL, '0552534429', 'de.oo@hotmail.com', 1, 1, '5bf4a92e55a63066d9b50fae006d5b69', '', '2017-07-21', 'user', NULL, NULL, 1, NULL),
	(114, 'حسام ', NULL, '٠٥٣٥٠٠٦٦٠٧', 'asalahali@outook.sa', 1, 1, '5bf4a92e55a63066d9b50fae006d5b69', '', '2017-07-23', 'user', NULL, NULL, 1, NULL),
	(115, 'عبدالله الزهراني ', NULL, '0540700737', 'alzahrani0540700737@gmail.com', 1, 1, '5bf4a92e55a63066d9b50fae006d5b69', '', '2017-07-24', 'user', NULL, NULL, 1, NULL),
	(116, 'naif', NULL, '0554666777', 'dfdfd@gmail.com', 1, 1, '5bf4a92e55a63066d9b50fae006d5b69', '', '2017-07-24', 'user', NULL, NULL, 1, NULL),
	(117, 'ابو يزن', NULL, '0505662267', 'Alnowaisir@me.com', 1, 1, '5bf4a92e55a63066d9b50fae006d5b69', '', '2017-07-24', 'user', NULL, NULL, 1, NULL),
	(118, 'بسام ', NULL, '0501767677', 'bassam.m.1390@hotmail.com', 1, 1, '5bf4a92e55a63066d9b50fae006d5b69', '', '2017-07-24', 'user', NULL, NULL, 1, NULL),
	(119, 'محمد', NULL, '٠٥٥٩١٧٣٢٤١', 'Fayza212@icloud.com', 1, 1, '5bf4a92e55a63066d9b50fae006d5b69', '', '2017-07-24', 'user', NULL, NULL, 1, NULL),
	(120, 'هدى ', NULL, '0550003211', 'huda2399@hotmail.com', 1, 1, '5bf4a92e55a63066d9b50fae006d5b69', '', '2017-07-25', 'user', NULL, NULL, 1, NULL),
	(121, 'طاهر', NULL, '٠٥٣١٥٠٩٧٦٧', 'taher4494@gmail.com', 1, 1, '5bf4a92e55a63066d9b50fae006d5b69', '', '2017-07-26', 'user', NULL, NULL, 1, NULL),
	(122, 'mosesog', NULL, '0543339299', 'musamubarak.alshammary@cwg-metro.com', 1, 1, '5bf4a92e55a63066d9b50fae006d5b69', '', '2017-07-26', 'user', NULL, NULL, 1, NULL),
	(123, 'عادل الجميل', NULL, '0544121215', 'a555j@hotmail.com', 1, 1, '5bf4a92e55a63066d9b50fae006d5b69', '', '2017-07-26', 'user', NULL, NULL, 1, NULL),
	(124, 'نادر العتيبي', NULL, '0501209959', 'shhh@gmaiI.com', 1, 1, '5bf4a92e55a63066d9b50fae006d5b69', '', '2017-07-27', 'user', NULL, NULL, 1, NULL),
	(125, 'عبدالرحمن عبادي', NULL, '0530604280', 'abbadi.est@hotmail.com', 1, 1, '5bf4a92e55a63066d9b50fae006d5b69', '', '2017-07-27', 'user', NULL, NULL, 1, NULL),
	(126, 'طارق', NULL, '0501814012', 's0a0r0k0@hotmail.com', 1, 1, '5bf4a92e55a63066d9b50fae006d5b69', '', '2017-07-27', 'user', NULL, NULL, 1, NULL),
	(127, 'سعد', NULL, '0554514484', 's.s406@hotmail.com', 1, 1, '5bf4a92e55a63066d9b50fae006d5b69', '', '2017-07-29', 'user', NULL, NULL, 1, NULL),
	(128, 'بسام ', NULL, '0560299511', 'seef_511@hitmail.com', 1, 1, '5bf4a92e55a63066d9b50fae006d5b69', '', '2017-07-30', 'user', NULL, NULL, 1, NULL),
	(129, 'Saleh Alomari', NULL, '0505813787', 'sahomari@gmail.com', 1, 1, '5bf4a92e55a63066d9b50fae006d5b69', '', '2017-07-31', 'user', NULL, NULL, 1, NULL),
	(130, 'dania ', NULL, '0548667077', 'hi.ana.dania@hotmail.com', 1, 1, '5bf4a92e55a63066d9b50fae006d5b69', '', '2017-07-31', 'user', NULL, NULL, 1, NULL),
	(131, 'hamad', NULL, '0532059666', 'hamad.3378@gmail.com', 1, 1, '5bf4a92e55a63066d9b50fae006d5b69', '', '2017-07-31', 'user', NULL, NULL, 1, NULL),
	(133, 'محمد', NULL, '0565822377', 'boohal@hotmail.com', 1, 1, '5bf4a92e55a63066d9b50fae006d5b69', 'APA91bHpBo4F4xGt6YFlh_-OpEWm2cTrqOMiCqgk2IFYcaJWRKhMGbrvVQvTSSIfHD57ASF8vC0Fn6NrnmSxsn7ncwetvJ_oe8cbLeFKjBr5gHmZbP-awKtF6LbUr33FK9gmj0AkW2jM', '2017-08-01', 'user', NULL, NULL, 1, NULL),
	(134, 'Ahmed El-Sayed', NULL, '01022663988', 'ahmed.elsayed@mod-sa.com', 1, 1, '5bf4a92e55a63066d9b50fae006d5b69', 'APA91bFSK66fsm62j8wFb3EB4PMD_3fWe0SToqWSrd2JdPnMP6N0E_pRXgu8roBwnL0ERRLtvwjo18JoFmS5_JvuLmGfXXRKV2r7rmCmWSL-AfbJcuhtzTDvcMyElQ6UW96iZAGI4m5w', '2017-08-01', 'user', NULL, NULL, 1, NULL),
	(135, 'karem', NULL, '01065215672', 'karem@gmail.com', 1, 1, '5bf4a92e55a63066d9b50fae006d5b69', 'APA91bEaTIkuyIXU7YpA4JRcEFlViS53vlo712PR3xSDnq7JHoomNjCLcvkKCeVGNM6NJaxbTM6zv6J66IU18EEkfhl841h9IJWMrz02d3orSr4tZBxg5hSSXGA0iPsy_8aBaXMrxRK5', '2017-08-01', 'user', NULL, NULL, 1, NULL),
	(136, 'Ahmed Fathy', NULL, '0552360850', 'ahmedfathy.modsa@gmail.com', 1, 1, 'e10adc3949ba59abbe56e057f20f883e', 'APA91bHINFfYzrBlnhfViTwk0kOmxbqVoJ0eackuv8HejV7sEOPjFdIFW2WfWxRT5xPhCV57RHuhkOY2umNPDeIyfB9jl7piQUhF_EhdzO0RNMb7MhYv1NqLVTizkLrvNtQDAnpa3Qi7', '2017-08-01', 'user', NULL, NULL, 1, NULL),
	(137, 'عبدالله', NULL, '0556600114', 'wshrla98@gmail.com', 1, 1, '5bf4a92e55a63066d9b50fae006d5b69', '', '2017-08-01', 'user', NULL, NULL, 1, NULL),
	(138, 'محمد بن راشد ', NULL, '0507031997', 'malskran6@gmail.com', 1, 1, '5bf4a92e55a63066d9b50fae006d5b69', '', '2017-08-01', 'user', NULL, NULL, 1, NULL),
	(139, 'aisha', NULL, '0533225907', 'aushy-25@hotmail.com', 1, 1, '5bf4a92e55a63066d9b50fae006d5b69', '', '2017-08-01', 'user', NULL, NULL, 1, NULL),
	(140, 'حمد ناصر ', NULL, '٠٥٤١١٥٠٠٣٠', 'Norah88jana@gmail.com', 1, 1, '5bf4a92e55a63066d9b50fae006d5b69', '', '2017-08-01', 'user', NULL, NULL, 1, NULL),
	(141, 'waleed', NULL, '0530392807', 'waleed@isqeni.com', 1, 1, '5bf4a92e55a63066d9b50fae006d5b69', 'APA91bGFAF2wn_3mt4hGa5DwzBD-TApdbJGEe5gVumeKdMny-X-GUNSXJ_k8Sp-l96GqLIIB3aShLY8eb2t6JoDSMItGlMUdgvFk8N-ZZ_H5LMBnPWSqgSRjVv7E2mglK1Cph-1uaQ1e', '2017-08-02', 'user', NULL, NULL, 1, NULL),
	(142, 'fatamh ', NULL, '0506882618', 'mg1256_@hotmail.com', 1, 1, '5bf4a92e55a63066d9b50fae006d5b69', 'APA91bEjZYOr3vkcJPQtKhceVtI_4Bdstx5GnvzmCEU0TergKKr0FbR9vACxPlK6SjxEEnTbmVqhdcmILPzVElz_31ILGdkSGs67F-1a7NqhrpefuVe4sp2pxJFinIRgbLWUF7yOC2vw', '2017-08-02', 'user', NULL, NULL, 1, NULL),
	(143, 'خلود القحطاني ', NULL, '0555940143', 'khmq32@hotmail.com', 1, 1, '5bf4a92e55a63066d9b50fae006d5b69', '', '2017-08-03', 'user', NULL, NULL, 1, NULL),
	(144, 'خالد الحربي', NULL, '0563546155', 'beshkh.90@gmail.com', 1, 1, '5bf4a92e55a63066d9b50fae006d5b69', 'APA91bGvwpChMIGoRPqvkbhoTyqYLYrDN7HS8dteXKQsoWyhFLjHE3P6HVILqOT5X-3FTL6uXPWOP7C0_IsC0iTbJCwcYndc9atBvSU1u96BAugeQe3zplIZbksAGe0skx3xjOCLk9ky', '2017-08-03', 'user', NULL, NULL, 1, NULL),
	(145, 'basim.alamuddin@gmail.com ', NULL, '01099592668', 'basim.alamuddin@gmail.com', 1, 1, '5bf4a92e55a63066d9b50fae006d5b69', '', '2017-08-05', 'user', NULL, NULL, 1, NULL),
	(146, 'wed', NULL, '0501013939', 'wed_td@outlook.com', 1, 1, '5bf4a92e55a63066d9b50fae006d5b69', '', '2017-08-05', 'user', NULL, NULL, 1, NULL),
	(147, 'ساره', NULL, '0556762832', 'saraalharbii.sa.sa@gmail.com', 1, 1, '5bf4a92e55a63066d9b50fae006d5b69', '', '2017-08-05', 'user', NULL, NULL, 1, NULL),
	(148, 'عبدالعزيز', NULL, '059010007', 'albahary1288@gamil.com', 1, 1, '5bf4a92e55a63066d9b50fae006d5b69', '', '2017-08-05', 'user', NULL, NULL, 1, NULL),
	(149, 'saad', NULL, '0509527992', 'saad@isqeni.com', 1, 1, '5bf4a92e55a63066d9b50fae006d5b69', 'APA91bGV7HEZDT6u1feGdzfjtpFmaUBQ78Ryt-aUToHFqb6z4ykbiFZ8HxsbY2uZwU_n-AEs5tisEke7JM-1Fm20FzEb3b8wOJ0SNdfwJNM0kK-sA8ac868Kk7kwxOgJewh3QiezLXtZ', '2017-08-06', 'user', NULL, NULL, 1, NULL),
	(150, 'abdullah', NULL, '+971502130429', 'abdallah.jamali@gmail.com', 1, 1, '5bf4a92e55a63066d9b50fae006d5b69', '', '2017-08-06', 'user', NULL, NULL, 1, NULL),
	(151, 'فراس', NULL, '0505261577', 'randi12348@gmail.com', 1, 1, '5bf4a92e55a63066d9b50fae006d5b69', '', '2017-08-06', 'user', NULL, NULL, 1, NULL),
	(152, 'omartaha', NULL, '01152077545', 'omartaha.modsa@gmail.com', 1, 1, '5bf4a92e55a63066d9b50fae006d5b69', '', '2017-08-06', 'user', NULL, NULL, 1, NULL),
	(153, 'نادر العتيبي', NULL, '0545825776', 'shsja425@gmail.com', 1, 1, '5bf4a92e55a63066d9b50fae006d5b69', '', '2017-08-06', 'user', NULL, NULL, 1, NULL),
	(154, 'سعيد محمد عامر', NULL, '0505741842', 'shahran2@hotmail.com', 1, 1, '5bf4a92e55a63066d9b50fae006d5b69', '', '2017-08-07', 'user', NULL, NULL, 1, NULL),
	(155, 'راكان الراجح', NULL, '0533178538', 'VVV120150@gmail.com', 1, 1, '5bf4a92e55a63066d9b50fae006d5b69', '', '2017-08-07', 'user', NULL, NULL, 1, NULL),
	(156, 'Asmaa', NULL, '0537166734', 'Asmaa.1456@gmail.com', 1, 1, '5bf4a92e55a63066d9b50fae006d5b69', '', '2017-08-07', 'user', NULL, NULL, 1, NULL),
	(157, 'atheer', NULL, '0548054771', 'atheerr20@gmail.com', 1, 1, '5bf4a92e55a63066d9b50fae006d5b69', '', '2017-08-07', 'user', NULL, NULL, 1, NULL),
	(158, 'حسين معتوق البقشي', NULL, '0503914828', 'husmat1985@gmail.com', 1, 1, '5bf4a92e55a63066d9b50fae006d5b69', '', '2017-08-07', 'user', NULL, NULL, 1, NULL),
	(159, 'ahmed', NULL, '33333', 'ahmed@mod.com', 1, 1, '5bf4a92e55a63066d9b50fae006d5b69', '', '2017-08-08', 'user', NULL, NULL, 1, NULL),
	(160, 'waleed', NULL, '0596090529', 'wjobran@gmail.com', 1, 1, '5bf4a92e55a63066d9b50fae006d5b69', 'APA91bFwxxgMyYBLITstP2TTFj3iRcAIZeYwtpHM4giQfMnEi1eyeHQEddzeZQtINQoWlURoXZb-hp2_ffm-8xjIlbVuNYyQbS1IhNWFXTVl2RKp2pA1po7r_N7zpCh9W7swuvgSJrnf', '2017-08-08', 'user', NULL, NULL, 1, NULL),
	(161, 'أم الثرياء', NULL, '0570020483', 'om.nawal12@gmail.com', 1, 1, '5bf4a92e55a63066d9b50fae006d5b69', 'APA91bGrHEQm91043Drd-m5untR9WsnrM6ju0c9yKXt5jCAP7W4Oh2BJ5AhrDPULjSTx6CLbYUwoljl9UukNNYwp9R24QL9TcBOACW8L4OtiUbNqntotFQhmUD93ez8k6872rFS-wHRu', '2017-08-08', 'user', NULL, NULL, 1, NULL),
	(162, 'avinash', NULL, '9654434154', 'avinash.chhabra@gmail.com', 1, 1, '5bf4a92e55a63066d9b50fae006d5b69', 'APA91bEUPjsDKt_0qM6zUw6MvzWe_QZKTG1dSpTeqIMqlUXgXOO-JZUQP_8PflUHSy1S3fohuSFRzXND9EJCuQeSqPn_-NBuUgAaIXd53olsaMVJV9DITlwhR2ceW4qA7DPYH5YAJuH1', '2017-08-09', 'user', NULL, NULL, 1, NULL),
	(163, 'mohit', NULL, '8118836424', 'mohit.sharma@fullestop.com', 1, 1, '5bf4a92e55a63066d9b50fae006d5b69', 'APA91bF1dh-zCWvFnYUYyk8U9gKFNBHNqyCfZBNphR9kAc5mO0tMBW6NbdG9zdDBwgxbZ5kgT5h1gAFrqP8cXKy7_V_JnB_qs1o1C1TUKljTMgh36t5F-Moy1z8o2PRUtFG5nTPH-KD3', '2017-08-09', 'user', NULL, NULL, 1, NULL),
	(164, 'حمد', NULL, '0536431441', 'hamad_1155@outlook.com', 1, 1, '5bf4a92e55a63066d9b50fae006d5b69', '', '2017-08-09', 'user', NULL, NULL, 1, NULL),
	(165, 'shaha', NULL, '0540001522', 'shaha.line@hotmail.com', 1, 1, '5bf4a92e55a63066d9b50fae006d5b69', '', '2017-08-09', 'user', NULL, NULL, 1, NULL),
	(166, 'mohammad alotaibi', NULL, '0553488449', 'abu-atab10@hotmail.com', 1, 1, '5bf4a92e55a63066d9b50fae006d5b69', '', '2017-08-09', 'user', NULL, NULL, 1, NULL),
	(167, 'خالد محمد العروي', NULL, '0504390857', 'co0o0lgirls@hotmail.com', 1, 1, '5bf4a92e55a63066d9b50fae006d5b69', '', '2017-08-10', 'user', NULL, NULL, 1, NULL),
	(168, 'مهند عثمان السناني ', NULL, '0500601456', 'muhand-1993@hotmail.com', 1, 1, '5bf4a92e55a63066d9b50fae006d5b69', '', '2017-08-11', 'user', NULL, NULL, 1, NULL),
	(169, 'ام مروه', NULL, '0501203619', 'meme-134-@hotmail.com', 1, 1, '5bf4a92e55a63066d9b50fae006d5b69', '', '2017-08-11', 'user', NULL, NULL, 1, NULL),
	(170, 'TECHCON', NULL, '0562165922', 'babbar@techconlabs.com', 1, 1, '5bf4a92e55a63066d9b50fae006d5b69', '', '2017-08-13', 'user', NULL, NULL, 1, NULL),
	(171, 'aziz', NULL, '0555809083', 'msmn3878@gmail.com', 1, 1, 'd424f9f50bda528af6cc205391dd6dbc', '', '2017-08-14', 'user', NULL, NULL, 1, NULL),
	(172, 'عبدالله النجعي ', NULL, '0565880655', 'apdosh1@hotmail.com', 1, 1, '72c31fd528ddddccc5f47267ab5ebafc', '', '2017-08-14', 'user', NULL, NULL, 1, NULL),
	(173, 'ندا محمد ', NULL, '0504236026', 'nmofadda98@gmail.com', 1, 1, '433b823d463f67435b63520fd89f7145', '', '2017-08-14', 'user', NULL, NULL, 1, NULL),
	(174, 'fly flyerson', NULL, '4084066195', 'flyflyerson@gmail.com', 1, 1, '75a593a34aa5ba8e5e5788b7c899802e', '', '2017-08-15', 'user', NULL, NULL, 1, NULL),
	(175, 'أشواق عمر', NULL, '٠٥٥٤٩٦٤٩٩٨', 's-ashwag-s@windowlive.com', 1, 1, '4313d27c72498f43a64bf56cfc2ef0d0', '', '2017-08-15', 'user', NULL, NULL, 1, NULL),
	(176, 'Omar1', NULL, '0555138394', 'omar.almoghrabi@mod-sa.com', 1, 1, 'e10adc3949ba59abbe56e057f20f883e', '', '2017-08-15', 'user', NULL, NULL, 1, NULL),
	(177, 'Ahmed El-Sayed', NULL, '01122334455', 'ahmed-elsayed2@mod-sa.com', 1, 1, 'a8f5f167f44f4964e6c998dee827110c', 'APA91bGIK_y5tpvhUPNs4TBPLngOVB1abrpP1aa2d8ZDZy8NYQgovvCQIlF7hDyJIcXQZZGlvo9CSRD1Q3ih_tm1RBuTAuzP8R8wp33WGtF31yjirDA0e1Z_GMUhvcF99plxwFFLu8t4', '2017-08-15', 'user', NULL, NULL, 1, NULL),
	(178, 'Adam', NULL, '01097311', 'aa@mail.com', 1, 1, '827ccb0eea8a706c4c34a16891f84e7b', '', '2017-08-16', 'user', NULL, NULL, 1, NULL),
	(179, 'محمد ', NULL, '505286329', 'simo29670@outlook.com', 1, 1, '514afaaa63231346fa51f1a6a578bee1', '', '2017-08-17', 'user', NULL, NULL, 1, NULL),
	(180, 'ابوخالد', NULL, '0550445983', 'a.majeed123@hotmail.com', 1, 1, '37ed02ef20a1a04fbf646e6a098edad0', '', '2017-08-17', 'user', NULL, NULL, 1, NULL),
	(181, 'Sara', NULL, '0592232125', 'sss8585@hotmail.com', 1, 1, '41fa8de119568ea3430eff826be76845', '', '2017-08-17', 'user', NULL, NULL, 1, NULL),
	(182, 'شوق الفريدي', NULL, '0594783099', 'shoq-13-@hotmail.com', 1, 1, '305cddba3f38dc32cebf1cba3f80c279', '', '2017-08-17', 'user', NULL, NULL, 1, NULL),
	(183, 'Amjad Ali', NULL, '0570213245', 'amjad.a1580@gmail.com', 1, 1, 'b5a521cef660250f7656aaadc1b8fa14', '', '2017-08-17', 'user', NULL, NULL, 1, NULL),
	(184, 'عبدالعزيز محضار الحامد', NULL, '0543830009', 'azooz-azooz33@hotmail.com', 1, 1, 'd2480f73ebca4b579e597722becfea65', '', '2017-08-18', 'user', NULL, NULL, 1, NULL),
	(185, 'abdulmajeed', NULL, '0593400089', 'abdulmajeed.ali@hotmail.com', 1, 1, '41a148422392614296ad9897aec37c2e', '', '2017-08-19', 'user', NULL, NULL, 1, NULL),
	(186, 'Saeed Samer', NULL, '0558070200', 's.samer@hotmail.com', 1, 1, '404c47ca4ed629060063b17621457fbd', '', '2017-08-19', 'user', NULL, NULL, 1, NULL),
	(187, 'adaam', NULL, '0108976453', 'aakk@mail.com', 1, 1, 'e10adc3949ba59abbe56e057f20f883e', '', '2017-08-19', 'user', NULL, NULL, 1, NULL),
	(188, 'Loki', NULL, '0178098765', 'akak@mail.com', 1, 1, '827ccb0eea8a706c4c34a16891f84e7b', '', '2017-08-19', 'user', NULL, NULL, 1, NULL),
	(189, 'وليد رحال', NULL, '00966554649090', 'simba202wr@gmail.com', 1, 1, 'd81eecfc67e49f95a62ec4541e2282fa', '', '2017-08-20', 'user', NULL, NULL, 1, NULL),
	(190, 'كنانه خاسكيه ', NULL, '0551273565', 'moon.15.14@icloud.com', 1, 1, '7fb691b9825b48100100cbae9e049849', '', '2017-08-20', 'user', NULL, NULL, 1, NULL),
	(191, 'ظافر', NULL, '0550031896', 'afaf7474@icloud.com', 1, 1, 'c4ce0bf37045c708762605ef72b6e94f', '', '2017-08-20', 'user', NULL, NULL, 1, NULL),
	(192, 'محمد', NULL, '0549994451', 'm8_m8_999@hotmail.com', 1, 1, '90b68c9b8c61c3b564720edbe602fcc8', '', '2017-08-21', 'user', NULL, NULL, 1, NULL),
	(193, 'ام عبدالرحيم', NULL, '0540954754', 'dody-6@hotmail.com', 1, 1, '2e6e0ae3f6cab0e50f59c226661eaf58', '', '2017-08-22', 'user', NULL, NULL, 1, NULL),
	(194, 'Noura F', NULL, '0533966557', 'noura.foth@hotmail.com', 1, 1, 'ee5b470f264885dc935ac77a0703b43b', '', '2017-08-22', 'user', NULL, NULL, 1, NULL),
	(195, 'Abdulelah', NULL, '0550403999', 'Soul1990-7@hotmail.com', 1, 1, '065556ac1993690aecd4746d36a76053', '', '2017-08-22', 'user', NULL, NULL, 1, NULL),
	(196, 'alhamad', NULL, '0569491049', 'shakeer12@hotmail.com', 1, 1, '827ccb0eea8a706c4c34a16891f84e7b', '', '2017-08-23', 'user', NULL, NULL, 1, NULL),
	(197, 'test', NULL, '9910072767', 'test@test.com', 1, 1, 'cc03e747a6afbbcbf8be7668acfebee5', 'APA91bED3yzwRpGb8hPDjOaoHHqekpTltM4hXAUKOfRezIUW89KZyUA8JhmfhhSuodD6a4g-4B2IBN_w-ZJig5lT2hV0-lCCN_Xf20nYuos2WN0s2VfuYmUfWJZQ5htFVxarOYpF-ppk', '2017-08-23', 'user', NULL, NULL, 1, NULL),
	(198, 'as', NULL, '9999999999', 'soso@mailinator.com', 1, 1, '7fa8282ad93047a4d6fe6111c93b308a', 'APA91bFOmm6SSIyTzeRWKyY6WqZ32Au30WUh99SXgj87rtK8M2vFLoaBts_4wWD6iX_injny4m3Fg_haIjfHsQKuJo8Qtdphz4PCEQYdCjnLaKC44KMoW3SICKQzcxNxrBSkN2NFhITM', '2017-08-23', 'user', NULL, NULL, 1, NULL),
	(199, 'Gutam', NULL, '9560195612', 'gutam@mailinator.com', 1, 1, 'f8dc836fe6b0b085c543220951ba3666', '', '2017-08-23', 'user', NULL, NULL, 1, NULL),
	(200, 'ravi', NULL, '352645334', 'ravi22@mailinator.com', 1, 1, 'e12dfb6e161412d75ca371afbcd95374', '', '2017-08-23', 'user', NULL, NULL, 1, NULL),
	(201, 'kumar', NULL, '2535456846', 'kumarsingh@mailinator.com', 1, 1, '62b563cc48a85a11bfc2bebbb839a218', '', '2017-08-23', 'user', NULL, NULL, 1, NULL),
	(202, 'Aziz', NULL, '0504831522', 'thawaaaa0f@gmail.com', 1, 1, '5133faadab128431371d3769a9268738', '', '2017-08-23', 'user', NULL, NULL, 1, NULL),
	(203, 'shiwanshu', NULL, '9617858650', 'shiwanshu@mailinator.com', 1, 1, '2db5bff881696b42061943293743dc0d', 'APA91bGI3eLwmWZeKKt79_SpmFJKDFH9McvwvwuyRsLbKNu1ww6T3GEvMFtTRgoZm3f6IxDlpcptus4LN0uVtSV86VOugDeb7bViRMd_MouiLPu2Zy7xkrGfAKAXswOSzIvclWSEIvyw', '2017-08-23', 'user', NULL, NULL, 1, NULL),
	(204, 'خالد الغامدي', NULL, '0504405454', 'khaalg055@gmail.com', 1, 1, '108da1f5a21b88e892bdf30332d71bb7', '', '2017-08-23', 'user', NULL, NULL, 1, NULL),
	(205, 'Nawal Alkanji ', NULL, '0555623433', 'kanji-nawL@hotmail.com', 1, 1, 'df50d4f3f08014a4f68bc5a857455093', '', '2017-08-23', 'user', NULL, NULL, 1, NULL),
	(206, 'محمد عبدالله', NULL, '0503342400', 'hetershi@hotmail.con', 1, 1, 'ab3c61c566327c278f747b0de7ae40bb', '', '2017-08-23', 'user', NULL, NULL, 1, NULL),
	(207, 'سهيل الصبحي', NULL, '٠٥٦٨٨٦١٩٠٨', 'sohil.1908@gmail.con', 1, 1, 'f4812f524230ed562a1a166144df86de', '', '2017-08-24', 'user', NULL, NULL, 1, NULL),
	(208, 'Siddharth ', NULL, '9811016603', 'siddharth.mishra@techconlabs.com', 1, 1, '25f9e794323b453885f5181f1b624d0b', '', '2017-08-24', 'user', NULL, NULL, 1, NULL),
	(209, 'sultan', NULL, '0565955675', 'babyeyes--232@hotmail.com', 1, 1, '51bb5d2c1ec60dd65d0b7d01278192d1', '', '2017-08-24', 'user', NULL, NULL, 1, NULL),
	(210, 'ABDULMOHSEN', NULL, '0541422220', 'alosum338@yahoo.com', 1, 1, '0ca5910e8668a4f0c38ce67bbee8652b', '', '2017-08-24', 'user', NULL, NULL, 1, NULL),
	(224, '', NULL, '8750388676', 'aman.mgm@gmail.com', 7, 1, '$2a$10$nEUv8lasoei2DFqZjIZyiu.dAj59BOE1BYzK6Q0h8nuI0/by8aOFu', '12345', '0000-00-00', 'user', NULL, NULL, 1, NULL),
	(225, '', NULL, '8750388676', 'priya.sharma@gmail.com', 7, 1, '$2a$10$STzlJ8b7MQcdq6jf13vAmeca/1VlJL3dAFo9dLV1VPFXfGio64l9O', '12345', '0000-00-00', 'user', NULL, NULL, 1, NULL),
	(226, 'Masjid', NULL, '8750388676', 'garg1@gmail.com', 7, 1, '$2a$10$/Uuot3bi3is9mfFjbbl6E.R8KRb3R1AnHHP6udGFTP0v5PJDawc9u', '12345', '0000-00-00', 'user', 2, 3, 1, NULL),
	(227, 'ABC', 'amangarg', '8750388676', 'garg2@gmail.com', 7, 1, '$2a$10$JAPCVN3yaxV9.7S5mlP2ZeCyoYyKpLsCimAdpJhDbBKKY0yFdVEda', '12345', '0000-00-00', 'user', 2, 2, 1, NULL),
	(228, 'ABC', 'amangarg1', '8750388676', 'garg3@gmail.com', 7, 1, '$2a$10$idOGx5JiWk8uAAnb2.oyLu1iLT4u5oyubWFAcMnEl3IxEWesUMVzO', '12345', '0000-00-00', 'user', 2, 2, 1, NULL),
	(229, '', '', '', 'garg8@gmail.com', 7, 1, '$2a$10$Unfht7gy2hxSphConBAAke0IUW1ewnFgODPRF351fokJ91tTX4eCK', '12345', '0000-00-00', 'user', 2, 2, 1, NULL),
	(230, 'Masjid', NULL, '8750388676', 'garg11@gmail.com', 7, 1, '$2a$10$snGSyvOScgF6JJtIZ7.noOfSSy9gvIOZnhBb.B0VlLDgNs3YnPrOq', '12345', '0000-00-00', 'user', 2, 3, 1, NULL),
	(231, 'ABC', 'amangarg12', '8750388676', 'garg15@gmail.com', 7, 1, '$2a$10$IsjoxUxrREBLr3mYK97Siu0TGvf7jbMBDAu05X1szIInnvoI3nDba', '12345', '0000-00-00', 'user', 2, 2, 1, NULL),
	(232, 'Masjid', NULL, '8750388676', 'garg16@gmail.com', 7, 1, '$2a$10$/Fxw1h87hRz/afK75s4d1uB0uYMS/UACzfS7zKp0nhwOTFgFcswXm', '12345', '0000-00-00', 'user', 2, 3, 1, NULL),
	(233, '', NULL, '1234567890', 'priya.sharma@techconlabs.com', 16, 1, '$2a$10$7bHPkm9w84zk0T0wnx1QLugprWDMG.pgcEwNllD6D5V3L2.OFanx6', '123456789asdfghjxcvbnm', '0000-00-00', 'user', 1, 1, 1, NULL),
	(234, '', NULL, '1234567895678', 'priya.sharma@yahoo.com', 16, 1, '$2a$10$lKSfJPWLyekuSsrFYlYYF.5RghQDxBGyJ4kaz90VSMq/GwzMcbsla', '123456789asdfghjxcvbnm', '0000-00-00', 'user', 1, 1, 1, NULL),
	(237, 'ABC', 'amangarg121', '8750388676', 'garg151@gmail.com', 7, 1, '$2a$10$.tNXYYggTO2QS8nIFWm5Au6FW3T0waJnE.LWjHZHTBlmvlvPX6cSO', '12345', '0000-00-00', 'user', 2, 2, 1, NULL),
	(238, 'gshzjdbbd', 'vjsvjsvusvu', '9876803855', 'cyfyfy@gmail.com', 7, 1, '$2a$10$TNrYISTiL2lBQRfhC4eehef39YBIQ1ejLsXMbp/jxORL.krFWTPXm', 'jlabfjbsdjFDSAFDSUDJAXMNJNAnsdianidviasbvubbuv', '0000-00-00', 'user', 1, 2, 1, NULL),
	(239, 'Masjid', NULL, '8750388676', 'garfyfyg16@gmail.com', 7, 1, '$2a$10$cDKgF0mEruLNuSdYQmALf..MRYf2/8bgbLH31ghrhPH6ka5fKzUQS', '12345', '0000-00-00', 'user', 2, 3, 1, NULL),
	(240, 'Masjid', NULL, '9876543212467', 'aahan@gmail.com', 3, 1, '$2a$10$MNY1oD0yhanxKOi/d74Rbu1Eox.Rywn9K70BcSXZ9qWfIn7oEcexe', 'bhBDFUQUDUSBAUBDUBASUBFUASD', '0000-00-00', 'user', 1, 3, 1, NULL),
	(241, '', NULL, '8750388676', 'aman.fada@gmail.com', 7, 1, '$2a$10$AsSHo.Enp4Xo72vjFsOzKuIyGAa2JOuPh66BVSr85PwJiBcm3F47i', '12345', '0000-00-00', 'user', 2, 1, 1, NULL),
	(242, '', NULL, '1234556789958', 'priya.sharma@hotmail.com', 16, 1, '$2a$10$FmbsJ32xddWfMIq0FAy7Aubo2H0Tv8kaRxg4H8.Wm0MG8rCJJDuNe', '123456789asdfghjxcvbnm', '0000-00-00', 'user', 1, 1, 1, NULL),
	(243, '', NULL, '9876803855', 'aahanverma@yahoo.com', 4, 1, '$2a$10$SZdBFWGG8.egx5ix42CVh.veHukPkXeHfew1VGhJxwiIjLYKNfvbi', 'audbfubaubfuasbdfubasufbsdfu', '0000-00-00', 'user', 1, 1, 1, NULL),
	(244, '', NULL, '23456789034567', 'ps@gmail.com', 3, 1, '$2a$10$gGVFBfh5wRKpoyhjz5s3su0cjFHGCoQDzlo5ZN9knM5jU2kI3NYbe', 'sdfghjksxdcfgvbhjnkxd', '0000-00-00', 'user', 1, 1, 1, NULL),
	(245, 'ABC', 'amangarg1212', '8750388676', 'garg1512@gmail.com', 7, 1, '$2a$10$yjRNaGh2OPsNTdAwTxfEruvIur/O7yspYEEn7tPoFpoUXZLuYJ6ma', '12345', '0000-00-00', 'user', 2, 2, 1, NULL),
	(246, 'Masjid', NULL, '9876803855', 'aahan@yahoo.com', 1, 1, '$2a$10$BGMQgaLYf/7zmP.B8yVyF.8Rm8jUz0iP9f5JU9enhMZXwJ54.eKSa', 'bhVFBhavdsfhbvasdlhbvasdhbvhbdfhv', '0000-00-00', 'user', 1, 3, 1, NULL),
	(247, 'Masjid', NULL, '8750388676', 'garvdvsdgg16@gmail.com', 7, 1, '$2a$10$Bpjow.d..faUGQx0eTjXEOO0jwyV04zbysKRUHEmXY4gNNZVcdypi', '12345', '0000-00-00', 'user', 2, 3, 1, NULL),
	(248, 'tcl', 'tcl11', '991445869', 'sqn@mailinator.com', 16, 1, '$2a$10$4nZe8zvNKM.LfzxPO7rDfeH3ypuP5nvUESrC51MNyY4krb7dalNCm', 'jlabfjbsdjFDSAFDSUDJAXMNJNAnsdianidviasbvubbuv', '0000-00-00', 'user', 1, 2, 1, NULL),
	(249, 'mos 1', NULL, '991484848', 'mos1@mailinator.com', 16, 1, '$2a$10$g6Bf3jiFM.kbPp.zBmCEa.mlCbqrJpsYxpJYaI8sQeAsINJZ1.62G', 'bhVFBhavdsfhbvasdlhbvasdhbvhbdfhv', '0000-00-00', 'user', 1, 3, 1, NULL),
	(250, '', NULL, '985698569', 'sqn1@mailinator.com', 16, 1, '$2a$10$/jRhyBhwFC0cdtJ3c.YHZ.bZuZdwQ3O64juEF5dbN2WS4sw/VSC6q', 'bsahfbvsjhkvfahdbhfbds', '0000-00-00', 'user', 1, 1, 1, NULL),
	(251, '', NULL, '8527144536', 'shashi.bhusn@techbs.com', 3, 1, '$2a$10$FhND9ES5fwgmn4u8j3/5Ce5bNwnMVEjEjm4ACPEf8wkcNMXu2rhEq', 'audbfubaubfuasbdfubasufbsdfu', '0000-00-00', 'user', 1, 1, 1, NULL),
	(252, '', NULL, '1231231231', 'aaahan@yahoo.com', 7, 1, '$2a$10$Q3vswr/5Pnr7d/o5Rknq8uRvt4bZxEl8vnX/RnOcCwv0QeIpDyvG6', 'audbfubaubfuasbdfubasufbsdfu', '0000-00-00', 'user', 1, 1, 1, NULL),
	(253, '', NULL, '353535698', 'sqn2@mailinator.com', 16, 1, '$2a$10$jBrQUYmbkJwoNq7Ffv0WHO/XhULof/LaLN9aCYE.gMHI5vrkd5mH6', 'audbfubaubfuasbdfubasufbsdfu', '0000-00-00', 'user', 1, 1, 1, NULL),
	(254, ' vxfcgcy', 'drdtdtftf', '5851785758', 'aahan@g.com', 3, 1, '$2a$10$irSTq5ZlHvSWbNDrvk6j6.9sKlG/eXNLwrYFggpNZ/3.mfD/Zl6Pu', 'jlabfjbsdjFDSAFDSUDJAXMNJNAnsdianidviasbvubbuv', '0000-00-00', 'user', 1, 2, 1, NULL),
	(255, '', NULL, '8750388676', 'aman.msgm@gmail.com', 7, 1, '$2a$10$1MeZ.VPrFPRWXzo7QwCSMuF2pRGx4Xy9lVc7anIorAen.g/44wPu6', '12345', '0000-00-00', 'user', 2, 1, 1, NULL),
	(256, '', NULL, '9876803855', 'aahan123@yahoo.com', 8, 1, '$2a$10$L73gkQ8Wm8.7kAwwCsYVmeWpeyUjfUs6obBuv.sgfryZDRlXH/P9W', 'bsahfbvsjhkvfahdbhfbds', '0000-00-00', 'user', 1, 1, 1, NULL),
	(257, '', NULL, '9914455678', 'sqn3@mailinator.com', 16, 1, '$2a$10$HPWz2lKhL1ADmSm7Ejhpw.e80TVcZtCN63pOiVJq9RVNMP.QG/S9G', 'audbfubaubfuasbdfubasufbsdfu', '0000-00-00', 'user', 1, 1, 1, NULL),
	(258, 'compoundn1', 'compound111', '9925585', 'sqnc@mailinator.com', 16, 1, '$2a$10$UNqv78HqRvdD7AdCOR8ewusNxwxoToQIhON61p2RB0xMP1KF.gmbe', 'iasfuisdauisdbuausdbus', '0000-00-00', 'user', 1, 2, 1, NULL),
	(259, 'hotel', 'hotel111', '9586989', 'sqnh@mailinator.com', 2, 1, '$2a$10$3X67G1Rrr.Il5WAyoOwRUO1GXHQF2Q/v7LIya1SDm7CkmUXw6noN.', 'jlabfjbsdjFDSAFDSUDJAXMNJNAnsdianidviasbvubbuv', '0000-00-00', 'user', 1, 2, 1, NULL),
	(260, 'compnd', 'cmpnd111', '9632589663', 'sqncmp@mailinator.com', 14, 1, '$2a$10$Ry1gnjrvDrqXcUPf8M.zgeWh0qOyd3Zk6C6XSK2ZIDyPL4cbPZC4O', 'jlabfjbsdjFDSAFDSUDJAXMNJNAnsdianidviasbvubbuv', '0000-00-00', 'user', 1, 2, 1, NULL),
	(261, '', NULL, '9454444544', 'nitin2424ina2@gmail.com', 3, 1, '$2a$10$oTe5EYbSZSCs4Xwf0ZPf1uiBD3bcfwCCLPaTQIST1DmusfjP0Bu3q', 'audbfubaubfuasbdfubasufbsdfu', '0000-00-00', 'user', 1, 1, 1, NULL),
	(262, 'nitin', NULL, '4499944446', 'nitin@gmail.com', 3, 1, '$2a$10$M.Bj6GF6WTSYa4c4atYfRu5ejkuCXQ2cPCGC7SGtxwfSzsaLHt.Na', 'bhBDFUQUDUSBAUBDUBASUBFUASD', '0000-00-00', 'user', 1, 3, 1, NULL),
	(263, 'fghk', 'xgbnn', '9911314038', 'rahulkumaripec6@gmail.com', 4, 1, '$2a$10$/OlT2zkxvxRmHfeTjW98AOQzB5g9vfQ2MOYE.JL5tX2m.D0PPWELm', 'jlabfjbsdjFDSAFDSUDJAXMNJNAnsdianidviasbvubbuv', '0000-00-00', 'user', 1, 2, 1, NULL),
	(264, 'Taj mahal', 'rahul_yho', '9876803855', 'aahahn.verma@gmail.com', 2, 1, '$2a$10$MZl0.r.2vTylj5QpPHOZ8ORqdfpJ0NtbIaEdWqf/23flFTqXO3jyq', 'jlabfjbsdjFDSAFDSUDJAXMNJNAnsdianidviasbvubbuv', '0000-00-00', 'user', 1, 2, 1, NULL),
	(265, 'sjbsbbzb', 'aasszb', '1231231234', 'aahan@yah.com', 2, 1, '$2a$10$8XFfUKkY.b.4ZbSuN/Jbq.27N6NXf.KIvqzPxWK2AVoaXbg9ZjyAu', 'jlabfjbsdjFDSAFDSUDJAXMNJNAnsdianidviasbvubbuv', '0000-00-00', 'user', 1, 2, 1, NULL),
	(266, 'cgvhvhvh', 'gcgcvgcg', '6464860799', 'cgcgcf@g.com', 4, 1, '$2a$10$3fBPW5OFVx7aOsWin/ZJR.z3YSM1y0TNqz7PKu3kyCzCtOVqNznUG', 'jlabfjbsdjFDSAFDSUDJAXMNJNAnsdianidviasbvubbuv', '0000-00-00', 'user', 1, 2, 1, NULL),
	(267, '', NULL, '2158677779', 'aaan@gmil.com', 2, 1, '$2a$10$eC/sJEuruOeQFbmTHCard.qKfgEhFP960IOkTmxhtzolgKToOh6JK', 'audbfubaubfuasbdfubasufbsdfu', '0000-00-00', 'user', 1, 1, 1, NULL),
	(268, '', NULL, '9868845484', 'a@y.com', 2, 1, '$2a$10$bnkMgwkl060quhq0udHbneyCsk/OabX2Hhg5fiCOXlDx80L.7TpGu', 'audbfubaubfuasbdfubasufbsdfu', '0000-00-00', 'user', 1, 1, 1, NULL),
	(269, '', NULL, '9876803811', 'fifty@yahoo.com', 4, 1, '$2a$10$YvMX7P9xNeb06k3J469dtOteEyzOb/6kd.Bad0tQg/piwSeL8FPlO', 'audbfubaubfuasbdfubasufbsdfu', '0000-00-00', 'user', 1, 1, 1, NULL),
	(270, '', NULL, '5325468657', 'aaahaffggn@g.com', 16, 1, '$2a$10$C7HEUcDNnl7XJ.fm2hoqCewdHNGLW9Rtp32yfoZTsFj28Trzk8/C6', 'audbfubaubfuasbdfubasufbsdfu', '0000-00-00', 'user', 1, 1, 1, NULL),
	(271, 'masjid', NULL, '5858585282', 'hfgft@gj.com', 16, 1, '$2a$10$PktZCA7/sBk3zHnKb4/omul8L.R7fnMaiNeyQoO/ZgSNz4/u25yHu', 'bhBDFUQUDUSBAUBDUBASUBFUASD', '0000-00-00', 'user', 0, 3, 1, NULL),
	(272, '', NULL, '9560195601', 'esqnyprsnl@mailinator.com', 17, 1, '$2a$10$JBmYztnjo9n3q7TpMIMEHum4HI/W26Lsw9WP5AsYH8B8MnqtfVCTS', 'audbfubaubfuasbdfubasufbsdfu', '0000-00-00', 'user', 1, 1, 1, NULL);
/*!40000 ALTER TABLE `clients` ENABLE KEYS */;

-- Dumping structure for table Isqenidev.complaints
CREATE TABLE IF NOT EXISTS `complaints` (
  `id` int(11) NOT NULL AUTO_INCREMENT,
  `user_name` varchar(255) CHARACTER SET utf8 NOT NULL,
  `phone` varchar(20) NOT NULL,
  `complaint` text CHARACTER SET utf8 NOT NULL,
  `company_id` int(11) NOT NULL,
  `created_date` datetime NOT NULL DEFAULT CURRENT_TIMESTAMP,
  PRIMARY KEY (`id`)
) ENGINE=InnoDB AUTO_INCREMENT=47 DEFAULT CHARSET=latin1;

-- Dumping data for table Isqenidev.complaints: ~42 rows (approximately)
/*!40000 ALTER TABLE `complaints` DISABLE KEYS */;
INSERT INTO `complaints` (`id`, `user_name`, `phone`, `complaint`, `company_id`, `created_date`) VALUES
	(1, 'ndhbhd', '5465', 'csacbnakcascascascffvbdfbdf', 6, '2017-08-01 13:43:16'),
	(2, 'karemmmm', '5465', 'csacbnakcascascascffvbdfbdf', 3, '2017-08-01 14:09:07'),
	(3, 'Ahmad Fathy', '0552360850', 'Not delivered at time', 2, '2017-08-01 14:36:16'),
	(4, 'Ahmad Fathy', '0552360850', 'Not delivered at time', 2, '2017-08-01 14:36:20'),
	(6, 'كريم', '5465', 'أهلا و سهلا ', 8, '2017-08-02 14:12:11'),
	(7, 'كريم', '5465', 'مرحبا', 8, '2017-08-02 16:38:39'),
	(8, 'كريم', '0111115454', 'مكان الشكوى', 86, '2017-08-03 22:50:29'),
	(9, 'ahmad', '05512345678', 'voooooookkkkkkk', 3, '2017-08-04 19:26:15'),
	(10, 'Ahmad', '05012345644', 'Wrong order', 2, '2017-08-04 22:32:46'),
	(11, 'كريم', '554564', 'أهلا بكم و مرحبا بكم ', 3, '2017-08-05 03:45:35'),
	(12, 'كريم', '554564', 'أهلا بكم و مرحبا بكم ', 3, '2017-08-05 03:46:13'),
	(13, 'كريم', '554564', 'هلا بكم ', 3, '2017-08-05 03:46:35'),
	(14, 'كريم', '554564', 'هلا بكم  3', 3, '2017-08-05 03:46:42'),
	(18, 'احمد كريم', '050123456789', 'لا توجد منتجات بالشركة', 7, '2017-08-05 16:40:30'),
	(19, '0', '0', '0', 0, '2017-08-05 22:18:57'),
	(20, 'nervana', '010993848844', 'send desc is', 2, '2017-08-06 07:26:13'),
	(21, 'nervana', '010993848844', 'send desc is', 2, '2017-08-06 07:26:14'),
	(22, 'amr', '212121', '1asassasa', 2, '2017-08-06 07:27:32'),
	(23, 'adsds121212', '1212121', '12121212', 2, '2017-08-06 07:35:34'),
	(24, 'jjjjj', 'ii999999', 'jjjjjjjj', 2, '2017-08-06 07:43:15'),
	(25, 'jjjjj', 'ii999999', 'jjjjjjjj', 2, '2017-08-06 07:45:16'),
	(26, 'ahmad ahmad', '05012345678', 'late on deliver', 2, '2017-08-06 15:08:40'),
	(27, 'nervana', '01097311391', 'aaaaaaa', 2, '2017-08-06 19:21:44'),
	(28, 'Youssef Youssef', '05012345678', 'No products yet', 7, '2017-08-07 09:48:19'),
	(29, 'fffffffffffffffff', '055555555555555', 'ftredred vvggyyii', 3, '2017-08-08 12:00:21'),
	(30, 'ثم يتم ود', '9985624589', 'لةمكزبلتناتنزززمظننننتزز', 2, '2017-08-08 12:17:04'),
	(31, 'ثم يتم ود', '9985624589', 'لةمكزبلتناتنزززمظننننتزز', 2, '2017-08-08 12:17:21'),
	(32, 'aaaaaaaaa', '050123655478', 'ffffffffffffff', 2, '2017-08-08 13:40:22'),
	(33, 'ffffffffffff', '85236552369', 'اااااااااااااااا', 3, '2017-08-08 13:40:52'),
	(34, 'ggggggg', '05023652365', 'ggggggggggggg', 2, '2017-08-08 13:45:43'),
	(35, '0', '0', '0', 0, '2017-08-09 14:11:39'),
	(36, '0', '0', '0', 0, '2017-08-09 15:26:07'),
	(37, '0', '0', '0', 0, '2017-08-12 22:07:27'),
	(38, '0', '0', '0', 0, '2017-08-12 22:15:51'),
	(39, '0', '0', '0', 0, '2017-08-12 22:22:20'),
	(40, '0', '0', '0', 0, '2017-08-13 15:52:02'),
	(41, 'ahmed', '0552360820', 'deliver notes', 2, '2017-08-15 13:31:51'),
	(42, '0', '0', '0', 0, '2017-08-16 06:36:46'),
	(43, '0', '0', '0', 0, '2017-08-16 07:15:25'),
	(44, 'Ahmad', '0552360850', 'This is a test', 3, '2017-08-21 20:56:12'),
	(45, 'testuh', '9654022066', 'test websitejdndndndnnfnndnnndnddnnnddn\n', 3, '2017-08-23 13:05:18'),
	(46, 'fruihfgyhj', '56545582585448', 'ggkgfduy5fjcjnv', 2, '2017-08-23 20:06:18');
/*!40000 ALTER TABLE `complaints` ENABLE KEYS */;

-- Dumping structure for table Isqenidev.contact
CREATE TABLE IF NOT EXISTS `contact` (
  `id` int(11) unsigned NOT NULL AUTO_INCREMENT,
  `cname` varchar(255) CHARACTER SET utf8 NOT NULL,
  `cphone` varchar(30) CHARACTER SET utf8 NOT NULL,
  `cemail` varchar(100) CHARACTER SET utf8 NOT NULL,
  `cmessage` text CHARACTER SET utf8 NOT NULL,
  `read` int(1) NOT NULL DEFAULT '0',
  `cdate` datetime NOT NULL,
  PRIMARY KEY (`id`)
) ENGINE=InnoDB AUTO_INCREMENT=13 DEFAULT CHARSET=latin1;

-- Dumping data for table Isqenidev.contact: ~12 rows (approximately)
/*!40000 ALTER TABLE `contact` DISABLE KEYS */;
INSERT INTO `contact` (`id`, `cname`, `cphone`, `cemail`, `cmessage`, `read`, `cdate`) VALUES
	(1, 'فيصل ', '0590129992', '0', 'لم تصل الطلبيه ابدا رقم الطلبيه (٥٠) \nلم تم حتى الاتصال والاعتذار \n', 1, '2017-08-01 12:13:10'),
	(2, 'xx', '0101010', '0', 'Sad', 1, '2017-08-06 20:40:19'),
	(3, '0', '0', '0', '0', 1, '2017-08-09 14:08:08'),
	(4, '0', '0', '0', '0', 1, '2017-08-09 15:22:52'),
	(5, 'حمد', '0536431441', '0', 'طلبت ماء أمس ولا ردو لي متى يجون', 1, '2017-08-10 14:47:52'),
	(6, '0', '0', '0', '0', 1, '2017-08-13 15:52:17'),
	(7, 'omar', '0555138394', 'omar.almoghrabi@mod-sa.com', '1ogssd', 1, '2017-08-15 19:07:45'),
	(8, '0', '0', '0', '0', 1, '2017-08-16 21:42:16'),
	(9, 'ام مروه', '0501203619', '0', 'لم توصل  ولاطلبيه', 1, '2017-08-19 16:57:59'),
	(10, 'كنانه خاسكية ', '0551273565', '0', 'اريد الغاء الطلب لعدم تواجدي في الوقت الذي يتم فيه التسليم ', 1, '2017-08-20 15:25:21'),
	(11, 'Ahmed', '0552360850', 'ahmad@xyz.com', 'Test Test', 1, '2017-08-21 20:55:44'),
	(12, 'استفسار', '0536200059', '0', 'هل لديكم مركز توصيل في مكه ؟؟ ارغب بكمية مياه بارده للحجاج في مكه؟!!', 1, '2017-08-23 13:26:07');
/*!40000 ALTER TABLE `contact` ENABLE KEYS */;

-- Dumping structure for table Isqenidev.corporate_client_details
CREATE TABLE IF NOT EXISTS `corporate_client_details` (
  `id` int(11) NOT NULL AUTO_INCREMENT,
  `corporate_type` enum('company','hotel','compound') DEFAULT NULL,
  `cr_number` varchar(50) DEFAULT NULL,
  `client_id` int(11) DEFAULT NULL,
  PRIMARY KEY (`id`)
) ENGINE=InnoDB AUTO_INCREMENT=22 DEFAULT CHARSET=utf8;

-- Dumping data for table Isqenidev.corporate_client_details: ~17 rows (approximately)
/*!40000 ALTER TABLE `corporate_client_details` DISABLE KEYS */;
INSERT INTO `corporate_client_details` (`id`, `corporate_type`, `cr_number`, `client_id`) VALUES
	(4, 'company', 'aman1234', 227),
	(5, 'company', 'aman1234', 228),
	(6, '', '', 229),
	(7, 'company', 'aman1234', 231),
	(8, 'company', 'aman1234', 235),
	(9, 'company', 'aman1234', 236),
	(10, 'company', 'aman1234', 237),
	(11, 'hotel', '89486786076', 238),
	(12, 'company', 'aman1234', 245),
	(13, 'company', '956885', 248),
	(14, 'company', '5585008', 254),
	(15, 'company', '1234', 258),
	(16, 'hotel', '2580', 259),
	(17, 'compound', '5689', 260),
	(18, 'company', '456654', 263),
	(19, 'company', '98664318888', 264),
	(20, 'company', '8444447788', 265),
	(21, 'company', '685888585', 266);
/*!40000 ALTER TABLE `corporate_client_details` ENABLE KEYS */;

-- Dumping structure for table Isqenidev.coupon_products
CREATE TABLE IF NOT EXISTS `coupon_products` (
  `id` int(11) NOT NULL AUTO_INCREMENT,
  `product_id` int(5) NOT NULL DEFAULT '0',
  `coupon_id` int(5) NOT NULL DEFAULT '0',
  `created_at` datetime NOT NULL DEFAULT CURRENT_TIMESTAMP,
  `status` int(1) NOT NULL DEFAULT '0',
  PRIMARY KEY (`id`)
) ENGINE=InnoDB DEFAULT CHARSET=utf8;

-- Dumping data for table Isqenidev.coupon_products: ~0 rows (approximately)
/*!40000 ALTER TABLE `coupon_products` DISABLE KEYS */;
/*!40000 ALTER TABLE `coupon_products` ENABLE KEYS */;

-- Dumping structure for table Isqenidev.drivers
CREATE TABLE IF NOT EXISTS `drivers` (
  `id` int(11) NOT NULL AUTO_INCREMENT,
  `image` varchar(100) DEFAULT NULL,
  `name_en` varchar(100) DEFAULT NULL,
  `name_ar` varchar(100) DEFAULT NULL,
  `car_type` varchar(30) DEFAULT NULL,
  `car_number` varchar(20) DEFAULT NULL,
  `driver_licence_number` varchar(20) DEFAULT NULL,
  `created_at` datetime DEFAULT NULL,
  `status` int(1) DEFAULT NULL COMMENT '1=>active,0=>deactive',
  PRIMARY KEY (`id`)
) ENGINE=InnoDB AUTO_INCREMENT=2 DEFAULT CHARSET=latin1;

-- Dumping data for table Isqenidev.drivers: ~0 rows (approximately)
/*!40000 ALTER TABLE `drivers` DISABLE KEYS */;
INSERT INTO `drivers` (`id`, `image`, `name_en`, `name_ar`, `car_type`, `car_number`, `driver_licence_number`, `created_at`, `status`) VALUES
	(1, NULL, 'fdgfd', 'sdfsdf', 'sdfsdf', 'dsfsdf', '5', NULL, NULL);
/*!40000 ALTER TABLE `drivers` ENABLE KEYS */;

-- Dumping structure for table Isqenidev.fave
CREATE TABLE IF NOT EXISTS `fave` (
  `id` int(11) NOT NULL AUTO_INCREMENT,
  `client_id` varchar(60) NOT NULL,
  `prod_id` int(11) NOT NULL,
  PRIMARY KEY (`id`)
) ENGINE=InnoDB AUTO_INCREMENT=28 DEFAULT CHARSET=utf8;

-- Dumping data for table Isqenidev.fave: ~10 rows (approximately)
/*!40000 ALTER TABLE `fave` DISABLE KEYS */;
INSERT INTO `fave` (`id`, `client_id`, `prod_id`) VALUES
	(2, '6', 1),
	(5, '1', 1),
	(10, '6', 2),
	(11, '9', 1),
	(12, '10', 2),
	(13, '13', 2),
	(16, '152', 5),
	(20, '163', 12),
	(25, '197', 13),
	(27, '203', 5);
/*!40000 ALTER TABLE `fave` ENABLE KEYS */;

-- Dumping structure for table Isqenidev.lang
CREATE TABLE IF NOT EXISTS `lang` (
  `id` int(11) NOT NULL AUTO_INCREMENT,
  `name` varchar(100) NOT NULL,
  `code` varchar(2) NOT NULL,
  PRIMARY KEY (`id`)
) ENGINE=InnoDB AUTO_INCREMENT=3 DEFAULT CHARSET=utf8;

-- Dumping data for table Isqenidev.lang: ~2 rows (approximately)
/*!40000 ALTER TABLE `lang` DISABLE KEYS */;
INSERT INTO `lang` (`id`, `name`, `code`) VALUES
	(1, 'english', 'en'),
	(2, 'arabic', 'ar');
/*!40000 ALTER TABLE `lang` ENABLE KEYS */;

-- Dumping structure for table Isqenidev.mosque_client_details
CREATE TABLE IF NOT EXISTS `mosque_client_details` (
  `id` int(11) NOT NULL AUTO_INCREMENT,
  `saudi_id` varchar(100) DEFAULT NULL,
  `client_id` int(11) DEFAULT NULL,
  `status` int(1) DEFAULT NULL,
  PRIMARY KEY (`id`)
) ENGINE=InnoDB AUTO_INCREMENT=11 DEFAULT CHARSET=latin1;

-- Dumping data for table Isqenidev.mosque_client_details: ~7 rows (approximately)
/*!40000 ALTER TABLE `mosque_client_details` DISABLE KEYS */;
INSERT INTO `mosque_client_details` (`id`, `saudi_id`, `client_id`, `status`) VALUES
	(1, 'abc123', 226, 1),
	(2, 'abc123', 230, 1),
	(3, 'abc123', 232, 1),
	(4, 'abc123', 239, 1),
	(5, 'hkfgxg', 240, 1),
	(6, '1234567', 246, 1),
	(7, 'abc123', 247, 1),
	(8, '121', 249, 1),
	(9, '577', 262, 1),
	(10, 'ghgvfh', 271, 1);
/*!40000 ALTER TABLE `mosque_client_details` ENABLE KEYS */;

-- Dumping structure for table Isqenidev.notifications
CREATE TABLE IF NOT EXISTS `notifications` (
  `id` int(11) NOT NULL AUTO_INCREMENT,
  `client_id` int(11) NOT NULL,
  `text2` text NOT NULL,
  `ndate` datetime NOT NULL,
  `page` varchar(50) NOT NULL DEFAULT 'home',
  `readed` tinyint(1) NOT NULL DEFAULT '0',
  PRIMARY KEY (`id`)
) ENGINE=InnoDB AUTO_INCREMENT=6 DEFAULT CHARSET=utf8;

-- Dumping data for table Isqenidev.notifications: ~4 rows (approximately)
/*!40000 ALTER TABLE `notifications` DISABLE KEYS */;
INSERT INTO `notifications` (`id`, `client_id`, `text2`, `ndate`, `page`, `readed`) VALUES
	(1, 149, 'نعتذر على عدم خدمتكم في الوقت الحالي ..... انتظرونا قريبا ', '2017-08-08 09:13:31', 'home', 0),
	(3, 176, 'Hello', '2017-08-15 19:21:00', 'home', 0),
	(4, 136, 'السلام عليكم .. تم استلام طلبك رقم 733 بنجاح', '2017-08-21 21:16:32', 'home', 0),
	(5, 197, 'please update your email id.', '2017-08-23 13:00:38', 'home', 0);
/*!40000 ALTER TABLE `notifications` ENABLE KEYS */;

-- Dumping structure for table Isqenidev.orders
CREATE TABLE IF NOT EXISTS `orders` (
  `id` int(11) NOT NULL AUTO_INCREMENT,
  `client_id` varchar(60) NOT NULL,
  `otime` time NOT NULL,
  `odate` date NOT NULL,
  `branch_id` int(11) NOT NULL,
  `status` tinyint(1) NOT NULL DEFAULT '0' COMMENT '0 = order, 1 = shipped, 2 = done',
  `pay` tinyint(1) NOT NULL DEFAULT '1' COMMENT '1= master , 2 = visa , 3 = k net',
  `neworder` tinyint(1) NOT NULL DEFAULT '1',
  `name` varchar(255) NOT NULL,
  `mobile` varchar(70) NOT NULL,
  `email` varchar(255) NOT NULL,
  `address` text NOT NULL,
  `lat` varchar(70) NOT NULL,
  `lng` varchar(70) NOT NULL,
  PRIMARY KEY (`id`)
) ENGINE=InnoDB AUTO_INCREMENT=773 DEFAULT CHARSET=utf8;

-- Dumping data for table Isqenidev.orders: ~192 rows (approximately)
/*!40000 ALTER TABLE `orders` DISABLE KEYS */;
INSERT INTO `orders` (`id`, `client_id`, `otime`, `odate`, `branch_id`, `status`, `pay`, `neworder`, `name`, `mobile`, `email`, `address`, `lat`, `lng`) VALUES
	(1, '103', '08:37:16', '2017-07-16', 0, 2, 3, 0, 'raya', '0542200306', 'raya_1@hotmail.com', 'door number 9أ', '24.76639463', '46.67250014'),
	(2, '102', '08:38:20', '2017-07-16', 0, 1, 3, 0, 'raya', '0542200306', 'raya_1@hotmail.com', 'Address Data', '24.76639173', '46.67249532'),
	(3, '103', '09:16:47', '2017-07-16', 0, 0, 3, 0, 'khaled', '0553389449', 'nawara-1984@windowslive.com', 'بيانات العنوان', '24.78279177', '46.64513534'),
	(4, '0', '06:55:51', '2017-07-17', 0, 0, 3, 0, 'حمد الحربي', '0555326747', 'hamadharbi266@hotmail.com', 'القصيم النقره', '25.57725505', '41.43095981'),
	(5, '0', '07:01:05', '2017-07-17', 0, 0, 3, 1, 'حمد الحربي', '0555326747', 'hamadharbi266@hotmail.com', 'القصيم-النقرة', '25.57737640', '41.43076964'),
	(6, '8686a4c7e73b042b', '08:26:13', '2017-07-17', 0, 0, 3, 0, 'Ahmed', '0551234567', 'ahmed@xyz.com', 'Nahda, Riyadh', '24.75601305', '46.79098047'),
	(7, '8686a4c7e73b042b', '12:29:36', '2017-07-17', 0, 0, 3, 0, 'Ahmed', '055123456', 'ahmed@xyz.com', 'Nahda', '24.7563675', '46.7910985'),
	(8, '0', '08:02:27', '2017-07-18', 0, 0, 3, 0, 'حمد الحربي', '0555326747', 'hamadharbi266@hotmail.com', 'القصيم-النقرة', '25.57736795', '41.43080399'),
	(9, '8686a4c7e73b042b', '08:56:47', '2017-07-18', 0, 0, 3, 1, 'ahmad', '0551234567', 'ahmad@xyz.com', 'Riyadh', '24.7563675', '46.7910985'),
	(10, 'ccf4237a5ea18290', '09:38:41', '2017-07-18', 0, 0, 3, 0, 'محمد ', '0502888235', 'boohal458@gmail.com', 'العوالي ', '24.560369414014673', '46.592432184084764'),
	(11, '0', '11:15:54', '2017-07-18', 0, 0, 3, 0, 'ام حمود ', '0555297297', 'shbd1410@gmail.com', 'بيانات العنوان', '24.74986240', '46.78963955'),
	(12, '104', '14:09:14', '2017-07-18', 0, 0, 3, 1, 'layla', '0507309091', 'loooly369@hotmail.com', 'بيانات العنوان', '21.40720124', '39.81080113'),
	(13, '109', '11:16:06', '2017-07-19', 0, 0, 3, 1, ' صالح ابراهيم ', '0540657232', 'sa_nf_2009@hotmail.com', 'محاسن شارع   صلاح الدين الايوبي ابوميه ', '25.41584359', '49.55003173'),
	(14, '0', '20:48:04', '2017-07-19', 0, 0, 3, 0, 'حمد الحربي', '0555326747', 'hamadharbi266@hotmail.com', 'القصيم. النقره', '25.58205878', '41.44351965'),
	(15, '0', '11:53:25', '2017-07-20', 0, 0, 3, 1, 'خالد ', '0532854035', 'oyon_alaml@hotmail.com', 'الرياض شارع قنا', '24.82207730', '46.76168414'),
	(16, '110', '21:58:24', '2017-07-20', 0, 0, 3, 0, 'mohammed', '0553377097', 'mohammedalomair7@hotmail.com', 'Address Data', '24.84699873', '46.59611620'),
	(17, '0', '15:54:38', '2017-07-21', 0, 0, 3, 0, 'محمد', '0506861555', 'm.almuhaisn@gmail.com', 'البكيريه جوار العثيم', '26.13224635', '43.65050205'),
	(18, '112', '15:54:44', '2017-07-21', 0, 0, 3, 0, 'm', '054444444444', 'm@s.com', 'Address Data', '24.79143953', '46.65229591'),
	(19, '0', '17:30:34', '2017-07-21', 0, 0, 3, 1, 'Majeb ', '0554898565', 'magebnami@gmail.com', 'Yarmok ', '24.80716554', '46.76405719'),
	(20, '113', '21:10:12', '2017-07-21', 0, 0, 3, 0, 'نواف الحربي', '0552534429', 'de.oo@hotmail.com', 'ينبع البحر - العجاجي ج15', '24.10671685', '38.08811165'),
	(21, '111', '23:10:36', '2017-07-21', 0, 0, 3, 0, 'ياسر المطيري', '0505341569', 'yasseryyss@gmail.com', 'بجوار الموارد البشرية', '24.45022555', '39.67662523'),
	(22, 'afcaf43e84a8c9c2', '18:48:01', '2017-07-22', 0, 0, 3, 1, 'محمد', '0502888235', 'boohal458@gmail.com', 'السويدي', '24.5849968', '46.6506589'),
	(23, '79', '12:43:33', '2017-07-23', 0, 0, 3, 0, 'طارق صقر', '0505114275', 'tareq444t@gmail.com', 'بيت رقم ٣٣', '24.79633620', '46.65956243'),
	(24, '0', '13:33:36', '2017-07-23', 0, 0, 3, 1, 'محمد المحيسن', '0506861555', 'm.almuhaisn@gmail.com', 'بيانات العنوان', '26.13265162', '43.66401009'),
	(25, '114', '20:15:27', '2017-07-23', 0, 0, 3, 0, 'حسام ', '٠٥٣٥٠٠٦٦٠٧', 'asalahali@outook.sa', 'بيانات العنوان', '26.36889724', '50.07224492'),
	(26, '0', '23:59:57', '2017-07-23', 0, 0, 3, 1, 'kholoud', '050749227', 'kholoudalomar@outlook.com', 'بيانات العنوان', '25.90181611', '45.36359356'),
	(27, '115', '00:08:14', '2017-07-24', 0, 0, 3, 0, 'عبدالله الزهراني ', '0540700737', 'alzahrani0540700737@gmail.com', 'بيانات العنوان', '21.46334065', '39.85210828'),
	(28, '115', '00:08:48', '2017-07-24', 0, 0, 3, 1, 'عبدالله الزهراني ', '0540700737', 'alzahrani0540700737@gmail.com', 'بيانات العنوان', '21.46345895', '39.85223855'),
	(29, '115', '00:09:23', '2017-07-24', 0, 0, 3, 1, 'عبدالله الزهراني ', '0540700737', 'alzahrani0540700737@gmail.com', 'بيانات العنوان', '21.46334065', '39.85210828'),
	(30, '0', '07:43:38', '2017-07-24', 0, 0, 3, 0, 'joulan', '0536653861', 'jojololo148@gmail.com', 'Address Data', '24.66312803', '46.72241247'),
	(31, '8686a4c7e73b042b', '06:20:22', '2017-07-25', 0, 0, 3, 1, 'Ahmad', '055236363', 'ahmad@xyz.com', 'Nahda', '24.7563675', '46.7910985'),
	(32, '8686a4c7e73b042b', '06:20:40', '2017-07-25', 0, 0, 3, 0, 'Ahmad', '055236363', 'ahmad@xyz.com', 'Nahda', '24.75572014', '46.79079321'),
	(33, '8686a4c7e73b042b', '06:20:40', '2017-07-25', 0, 0, 3, 1, 'Ahmad', '055236363', 'ahmad@xyz.com', 'Nahda', '24.75572014', '46.79079321'),
	(34, '8686a4c7e73b042b', '06:20:40', '2017-07-25', 0, 0, 3, 1, 'Ahmad', '055236363', 'ahmad@xyz.com', 'Nahda', '24.75572014', '46.79079321'),
	(35, '8686a4c7e73b042b', '06:20:41', '2017-07-25', 0, 0, 3, 1, 'Ahmad', '055236363', 'ahmad@xyz.com', 'Nahda', '24.75623023', '46.79111848'),
	(36, '8686a4c7e73b042b', '06:20:41', '2017-07-25', 0, 0, 3, 1, 'Ahmad', '055236363', 'ahmad@xyz.com', 'Nahda', '24.75623023', '46.79111848'),
	(37, '8686a4c7e73b042b', '06:20:42', '2017-07-25', 0, 0, 3, 1, 'Ahmad', '055236363', 'ahmad@xyz.com', 'Nahda', '24.75623023', '46.79111848'),
	(38, '8686a4c7e73b042b', '06:20:48', '2017-07-25', 0, 0, 3, 1, 'Ahmad', '055236363', 'ahmad@xyz.com', 'Nahda', '24.7563332', '46.79119083'),
	(39, '8686a4c7e73b042b', '06:20:48', '2017-07-25', 0, 0, 3, 1, 'Ahmad', '055236363', 'ahmad@xyz.com', 'Nahda', '24.7563332', '46.79119083'),
	(40, '8686a4c7e73b042b', '06:20:48', '2017-07-25', 0, 0, 3, 1, 'Ahmad', '055236363', 'ahmad@xyz.com', 'Nahda', '24.7563332', '46.79119083'),
	(41, '120', '15:18:35', '2017-07-25', 0, 0, 3, 1, 'هدى ', '0550003211', 'huda2399@hotmail.com', 'ضاحية الملك فهد بالقرب من اسواق المزرعه', '26.42339164', '50.00608555'),
	(42, '0', '20:44:35', '2017-07-25', 0, 0, 3, 1, 'kholoud', '0507492667', 'Kholodalomar@outlook.com', 'المجمعه شارع عثمان بن عفان ', '25.90317495', '45.36144906'),
	(43, '7f7aeb4182818f58', '16:51:44', '2017-07-27', 0, 0, 3, 1, 'عبدالرحمن', '0530604280', 'abbadi.est@hotmail.com', 'الرياض حي الزهرة شارع زيدبن خارجة', '0.0', '0.0'),
	(44, '126', '17:46:53', '2017-07-27', 0, 0, 3, 0, 'طارق', '0501814012', 's0a0r0k0@hotmail.com', 'بيانات العنوان', '24.48272908', '39.67417213'),
	(45, '124', '09:26:12', '2017-07-28', 0, 0, 3, 1, 'نادر العتيبي', '0501209959', 'shhh@gmaiI.com', 'بيانات العنوان', '24.84576845', '46.83500854'),
	(46, '36', '06:23:18', '2017-07-29', 0, 0, 3, 1, 'سعيد', '٠٥٥١١٢٤٢٤٤', 'sss6602008@hotmail.com', 'بيانات العنوان', '16.93010876', '42.55884077'),
	(47, '0', '12:50:54', '2017-07-29', 0, 0, 3, 1, 'منيره الغامدي', '0506940677', 'shatha.k.gh1@gmail.com', 'الجبيل الصناعيه \nالفاروق الجنوبيه\nالفاروق٥\nشارع المالكي\nمنزل ١٢٦', '27.12612914', '49.52567954'),
	(48, '127', '15:02:26', '2017-07-29', 0, 0, 3, 1, 'سعد', '0554514484', 's.s406@hotmail.com', 'بيانات العنوان', '21.43424927', '39.79060921'),
	(49, '128', '08:51:15', '2017-07-30', 0, 0, 3, 1, 'بسام ', '0560299511', 'seef_511@hitmail.com', 'بيانات العنوان', '22.80879954', '41.13685090'),
	(50, '0', '09:31:12', '2017-07-30', 0, 0, 3, 1, 'Faisal Alamri', '0590129992', 'Alamri_fs@hotmail.com', 'Ar Rawabi district. Al Waha St.  ', '24.70289399', '46.79636867'),
	(51, 'a442c8ef118dd812', '18:39:22', '2017-07-30', 0, 0, 3, 1, 'bandar', '0549545008', 'bandr3980@gmail.com', 'بجوار بنك العربي ', '21.4719105', '39.940287'),
	(52, '131', '15:15:39', '2017-07-31', 0, 0, 3, 1, 'hamad', '0532059666', 'hamad.3378@gmail.com', 'بيانات العنوان', '24.82761357', '46.73635019'),
	(53, '132', '18:47:08', '2017-07-31', 0, 0, 3, 1, 'ahmed', '0552360000', 'ahmed.fathy@mod-sa.com', 'riyadh', '24.7562427', '46.791297'),
	(54, '132', '19:18:57', '2017-07-31', 0, 0, 2, 1, 'mohamad', '010852369855', 'mohamad@xyz.com', 'riyadh', '24.7562487', '46.7912875'),
	(55, '3', '12:13:06', '2017-08-01', 0, 0, 3, 1, 'احمد', '0552360850', 'ahmad@xyz.com', 'Riyadh', '24.756348415208965', '46.7910699221833'),
	(56, '3', '12:13:17', '2017-08-01', 0, 2, 3, 1, 'احمد', '0552360850', 'ahmad@xyz.com', 'Riyadh', '24.75624988724864', '46.791080880154254'),
	(57, '3', '12:16:16', '2017-08-01', 0, 2, 3, 1, 'احمد', '0552360850', 'ahmad@xyz.com', 'Riyadh', '24.75640988368658', '46.791187468009845'),
	(58, '136', '14:23:06', '2017-08-01', 0, 2, 2, 1, 'Ahmed', '0552360850', 'ahmedfathy.modsa@gmail.com', 'Riyadh', '24.75609965141339', '46.790665448958755'),
	(59, '136', '14:40:51', '2017-08-01', 0, 1, 3, 1, 'Ahmed', '0552360850', 'ahmedfathy.modsa@gmail.com', 'Vvv', '24.7564766', '46.7912214'),
	(60, '136', '14:40:51', '2017-08-01', 0, 0, 3, 1, 'Ahmed', '0552360850', 'ahmedfathy.modsa@gmail.com', 'Vvv', '24.75636601109014', '46.79094367663447'),
	(61, '138', '17:47:54', '2017-08-01', 0, 0, 3, 1, 'محمد بن راشد ', '0507031997', 'malskran6@gmail.com', 'بيانات العنوان', '26.42283483', '50.00668838'),
	(62, '139', '17:49:19', '2017-08-01', 0, 0, 3, 1, 'aisha', '0533225907', 'aushy-25@hotmail.com', 'الرياض - حي الشفاء - طريق الامام مسلم - عكاظ ', '24.52688964', '46.68852657'),
	(63, '124', '21:07:35', '2017-08-01', 0, 0, 3, 1, 'نادر العتيبي', '0501209959', 'shhh@gmaiI.com', 'بيانات العنوان', '24.84755390', '46.83190400'),
	(64, '140', '23:11:55', '2017-08-01', 0, 0, 3, 1, 'حمد ناصر ', '٠٥٤١١٥٠٠٣٠', 'Norah88jana@gmail.com', 'طريق الملك سعود ', '26.42588700', '50.02877560'),
	(65, '0', '08:26:50', '2017-08-02', 0, 0, 3, 1, 'Ryan', '0555052069', 'r0ro000123@hotmail.com', 'بيانات العنوان', '21.55039577', '39.28679118'),
	(66, '136', '10:18:08', '2017-08-02', 0, 2, 2, 0, 'احمد', '0552360850', 'ahmed@xyz.com', 'النهضة راما مول', '24.75636499136962', '46.79080355934156'),
	(639, '136', '16:37:58', '2017-08-06', 0, 0, 3, 1, 'ahmad', '05012345678', 'ahmad@xyz.com', 'Nahda', '24.75664702', '46.79131842'),
	(641, '136', '16:37:59', '2017-08-06', 0, 0, 3, 1, 'ahmad', '05012345678', 'ahmad@xyz.com', 'Nahda', '24.75654915', '46.79124273'),
	(642, '136', '16:38:00', '2017-08-06', 0, 0, 3, 1, 'ahmad', '05012345678', 'ahmad@xyz.com', 'Nahda', '24.75655464', '46.79125611'),
	(643, '136', '16:38:01', '2017-08-06', 0, 0, 3, 1, 'ahmad', '05012345678', 'ahmad@xyz.com', 'Nahda', '24.75644143', '46.79116387'),
	(644, '136', '16:38:02', '2017-08-06', 0, 0, 3, 1, 'ahmad', '05012345678', 'ahmad@xyz.com', 'Nahda', '24.75636198', '46.79110851'),
	(645, '136', '16:38:03', '2017-08-06', 0, 0, 3, 1, 'ahmad', '05012345678', 'ahmad@xyz.com', 'Nahda', '24.75633104', '46.79106976'),
	(646, '136', '16:38:04', '2017-08-06', 0, 0, 3, 1, 'ahmad', '05012345678', 'ahmad@xyz.com', 'Nahda', '24.75631168', '46.79105394'),
	(647, '136', '16:38:05', '2017-08-06', 0, 0, 3, 1, 'ahmad', '05012345678', 'ahmad@xyz.com', 'Nahda', '24.7563113', '46.79105832'),
	(648, '136', '16:38:06', '2017-08-06', 0, 0, 3, 1, 'ahmad', '05012345678', 'ahmad@xyz.com', 'Nahda', '24.7562952', '46.79105446'),
	(649, '136', '16:38:07', '2017-08-06', 0, 0, 3, 1, 'ahmad', '05012345678', 'ahmad@xyz.com', 'Nahda', '24.75633579', '46.7910063'),
	(650, '136', '16:38:08', '2017-08-06', 0, 0, 3, 1, 'ahmad', '05012345678', 'ahmad@xyz.com', 'Nahda', '24.75635203', '46.79099151'),
	(651, '136', '16:38:09', '2017-08-06', 0, 0, 3, 1, 'ahmad', '05012345678', 'ahmad@xyz.com', 'Nahda', '24.7563517', '46.79098815'),
	(652, '136', '16:38:10', '2017-08-06', 0, 0, 3, 1, 'ahmad', '05012345678', 'ahmad@xyz.com', 'Nahda', '24.7563531', '46.79098586'),
	(653, '136', '16:38:11', '2017-08-06', 0, 0, 3, 1, 'ahmad', '05012345678', 'ahmad@xyz.com', 'Nahda', '24.7563533', '46.79098475'),
	(654, '136', '16:38:12', '2017-08-06', 0, 0, 3, 1, 'ahmad', '05012345678', 'ahmad@xyz.com', 'Nahda', '24.75635296', '46.79098417'),
	(655, '136', '16:38:13', '2017-08-06', 0, 0, 3, 1, 'ahmad', '05012345678', 'ahmad@xyz.com', 'Nahda', '24.75635176', '46.79098344'),
	(656, '136', '16:38:14', '2017-08-06', 0, 0, 3, 1, 'ahmad', '05012345678', 'ahmad@xyz.com', 'Nahda', '24.75635212', '46.79098279'),
	(663, '0', '16:39:26', '2017-08-06', 0, 0, 3, 1, 'مسجد مصعب بن الزبير', '0505825662', 'Adel.ghamdi.8@aramco.com', 'Address Data', '26.41809532', '50.04494933'),
	(664, '136', '16:51:09', '2017-08-06', 0, 1, 3, 1, 'ahmad', '05012345678', 'ahmad@xyz.com', 'Riyadh', '24.75635187', '46.79098206'),
	(665, '151', '17:58:07', '2017-08-06', 0, 0, 3, 1, 'فراس', '0505261577', 'randi12348@gmail.com', 'بيانات العنوان', '21.48102319', '39.83725797'),
	(666, '0', '18:08:02', '2017-08-06', 0, 0, 3, 1, 'مسجد مصعب بن الزبير', '0505825662', 'Adel.ghamdi.8@aramco.com', 'Address Data', '26.41771704', '50.04511925'),
	(667, '0', '18:32:11', '2017-08-06', 0, 0, 3, 1, 'اتتت', '01099592668', 'basim.alamuddin@gmail.com', 'رووور', '30.03480352', '31.24187264'),
	(668, '0', '20:02:12', '2017-08-06', 0, 0, 3, 1, 'اسراء الطريقي', '0555037235', 'isra_ksu@yahoo.com', 'Address Data', '24.68758912', '46.78776853'),
	(669, '152', '20:28:13', '2017-08-06', 0, 0, 3, 1, 'omartaha', '01152077545', 'omartaha.modsa@gmail.com', 'بيانات العنوان', '30.04440000', '31.23470000'),
	(670, '0', '20:37:05', '2017-08-06', 0, 0, 3, 1, 'نادر', '0501209959', 'shsja425@gmail.com', 'بيانات العنوان', '24.85358620', '46.83063915'),
	(671, '0', '20:38:39', '2017-08-06', 0, 0, 3, 1, 'نادر', '0501209959', 'shsja425@gmail.com', 'حي الرمال', '24.85358620', '46.83063915'),
	(672, '152', '20:41:37', '2017-08-06', 0, 0, 3, 1, 'omartaha', '01152077545', 'omartaha.modsa@gmail.com', 'Gggg', '30.04440000', '31.23470000'),
	(673, '153', '20:44:23', '2017-08-06', 0, 0, 3, 1, 'نادر العتيبي', '0545825776', 'shsja425@gmail.com', 'حي الرمال', '24.85358620', '46.83063915'),
	(674, '136', '09:39:49', '2017-08-07', 0, 2, 3, 1, 'ahmed', '0552360850', 'ahmad@xyz.com', 'Riyadh', '24.7558703', '46.7925659'),
	(675, 'df14fffa12ce5c1', '14:48:55', '2017-08-07', 0, 0, 3, 1, 'ناهاها8', '0550799182', 'fhhxgxt@yahoo.com', 'ةنرا اىارفؤاتوكونىرعةنخ', '0.0', '0.0'),
	(676, '136', '11:58:46', '2017-08-08', 0, 0, 3, 1, 'ahmadx', '0552360828', 'ahmad@xyz.com', 'nahda', '0.0', '0.0'),
	(677, '136', '13:39:50', '2017-08-08', 0, 2, 3, 1, 'ahmad', '05012345678', 'ahmad@xyz.com', 'nahda', '24.7564766', '46.7912214'),
	(678, '136', '13:45:10', '2017-08-08', 0, 0, 3, 1, 'ahmadz', '050123456', 'ahmad@xyz.com', 'nahda', '24.7564766', '46.7912214'),
	(680, '133', '20:49:17', '2017-08-08', 0, 0, 3, 1, 'محمد', '0502888235', 'boohal458@gmail.com', 'السويدي ', '24.585051577318236', '46.650839739023446'),
	(681, '136', '21:16:37', '2017-08-08', 0, 0, 3, 1, 'الووو', '0596222298', 'ahmed@xyz.com', 'nahda', '24.7554955', '46.7934519'),
	(682, '133', '22:11:49', '2017-08-08', 0, 0, 3, 1, 'محمد ', '0502888235', 'boohal458@gmail.com', 'السويدي ', '24.585051577318236', '46.650839739023446'),
	(683, '133', '22:23:44', '2017-08-08', 0, 0, 3, 1, 'محمد', '0502888235', 'boohal458@gmail.com', 'السويدي ', '24.585051577318236', '46.650839739023446'),
	(684, '162', '09:02:58', '2017-08-09', 0, 0, 3, 1, 'avi', '9654434154', 'avinash.chhabra@gmail.com', 'sgjgfh', '28.62935166666667', '77.37607166666666'),
	(685, '162', '09:11:02', '2017-08-09', 0, 0, 3, 1, 'Avinash ', '09458585632', 'r@gmail.com', 'jssijsis', '28.62935166666667', '77.37607166666666'),
	(686, '163', '10:21:45', '2017-08-09', 0, 0, 3, 1, 'mohit', '8956568989', 'mohit.sharma@fullestop.com', 'vjkbfgjjn,ghnn hjjnnn', '26.87045009', '75.79716346'),
	(687, '163', '10:28:47', '2017-08-09', 0, 0, 3, 1, 'monitor hjnff', '8569856985', 'mohit.sharma@gmail.com', 'gjjkmmg hh hjffhj bjjj njn nmm, hghhhj, India', '26.87045009', '75.79716346'),
	(688, '133', '11:44:11', '2017-08-09', 0, 0, 3, 1, 'محمد ', '0502888235', 'boohal458@gmail.com', 'العوالي \n', '24.5607047', '46.5924643'),
	(689, '0', '15:19:01', '2017-08-09', 0, 0, 3, 1, 'ام عزيز ', '0555809083', 'msmn3878@gmail.com', 'الخبر الحزام الاخضر شارع الطبري جاده 8', '26.30932050', '50.19518018'),
	(690, '164', '16:12:35', '2017-08-09', 0, 0, 3, 1, 'حمد', '0536431441', 'hamad_1155@outlook.com', 'خلف السجن العام مقابل مسجد الحكمة', '26.38771287', '50.06065767'),
	(691, '165', '16:37:58', '2017-08-09', 0, 0, 3, 1, 'shaha', '0540001522', 'shaha.line@hotmail.com', 'فيلا رقم 15', '24.80100442', '46.71621152'),
	(692, '0', '22:37:32', '2017-08-09', 0, 0, 3, 1, 'نجلاء', '0557447856', 'n_a_n555@hotmail.com', 'شارع الزبرقان بن بدر فله رقم ٥', '24.70128201', '46.81490767'),
	(693, '36', '02:41:26', '2017-08-10', 0, 0, 3, 1, 'سعيد', '٠٥٥١١٢٤٢٤٤', 'sss6602008@hotmail.com', 'بيانات العنوان', '18.18637574', '42.55231588'),
	(694, '0', '21:36:17', '2017-08-10', 0, 0, 3, 1, 'ام طرفه ', '501381187', 'ncxxgjjb@hotmail.com', 'شارع الشفاء \nقريب من الهزاز ', '24.62028639', '46.54187389'),
	(695, '167', '14:18:57', '2017-08-11', 0, 0, 3, 1, 'خالد محمد العروي', '0504390857', 'co0o0lgirls@hotmail.com', 'بيانات العنوان', '24.42279315', '39.52599122'),
	(696, '169', '17:32:35', '2017-08-11', 0, 0, 3, 1, 'ام مروه', '0501203619', 'meme-134-@hotmail.com', 'بالقرب من مسجد الفردوس', '26.35217314', '50.19863871'),
	(697, '152', '23:37:07', '2017-08-12', 0, 0, 3, 1, 'omartaha', '01152077545', 'omartaha.modsa@gmail.com', 'Address Data', '30.04440000', '31.23470000'),
	(698, '152', '23:41:19', '2017-08-12', 0, 0, 3, 1, 'omartaha', '01152077545', 'omartaha.modsa@gmail.com', 'Address Data', '30.04440000', '31.23470000'),
	(699, '152', '23:48:27', '2017-08-12', 0, 0, 3, 1, 'omartaha', '01152077545', 'omartaha.modsa@gmail.com', 'Address Data', '30.04440000', '31.23470000'),
	(700, '152', '00:09:31', '2017-08-13', 0, 0, 3, 1, 'omartaha', '01152077545', 'omartaha.modsa@gmail.com', 'Address Data', '30.04440000', '31.23470000'),
	(701, '152', '00:11:40', '2017-08-13', 0, 0, 3, 1, 'omartaha', '01152077545', 'omartaha.modsa@gmail.com', 'Address Data', '30.04440000', '31.23470000'),
	(702, '152', '00:13:57', '2017-08-13', 0, 0, 3, 1, 'omartaha', '01152077545', 'omartaha.modsa@gmail.com', 'Address Data', '30.04440000', '31.23470000'),
	(703, '152', '00:16:39', '2017-08-13', 0, 0, 3, 1, 'omartaha', '01152077545', 'omartaha.modsa@gmail.com', 'Address Data', '30.04440000', '31.23470000'),
	(704, '133', '10:01:03', '2017-08-13', 0, 0, 3, 1, 'محمد ', '0502888235', 'boohal458@gmail.com', 'العوالي ', '24.5604118', '46.5927262'),
	(705, '171', '04:26:13', '2017-08-14', 0, 0, 3, 1, 'aziz', '0555809083', 'msmn3878@gmail.com', 'شارع الطبري  اخر نافذ يسار قبل حرف T', '26.30918333', '50.19535757'),
	(706, '172', '09:14:31', '2017-08-14', 0, 0, 3, 1, 'عبدالله النجعي ', '0565880655', 'apdosh1@hotmail.com', 'جدة-بحرة مخطط بن لادن', '21.42502762', '39.48966812'),
	(707, '136', '11:21:14', '2017-08-14', 0, 0, 3, 1, 'Ali', '050229658', 'ali@fed.com', 'riyad', '24.7564766', '46.7912214'),
	(708, '173', '14:35:34', '2017-08-14', 0, 0, 3, 1, 'ندا محمد ', '0504236026', 'nmofadda98@gmail.com', 'ام الحمام الغربي  ', '24.68890581', '46.64172096'),
	(709, '175', '03:44:55', '2017-08-15', 0, 0, 3, 1, 'أشواق عمر', '٠٥٥٤٩٦٤٩٩٨', 's-ashwag-s@windowlive.com', 'الرياض - حي الشفا- شارع خلف الفراء', '24.56364468', '46.68749261'),
	(710, '136', '13:31:21', '2017-08-15', 0, 2, 3, 1, 'Ahmed Fathy', '0552360850', 'ahmedfathy.modsa@gmail.com', 'Address', '24.75640758', '46.79125805'),
	(711, '136', '19:40:05', '2017-08-15', 0, 2, 3, 1, 'Ahmad', '05512345678', 'ahmed@xyz.com', 'nahda', '24.7564707', '46.7912308'),
	(712, '2', '00:45:09', '2017-08-16', 0, 0, 3, 1, 'محمد ', '0502888235', 'boohal458@gmail.com', 'العوالي ', '24.56045927579998', '46.59247006337502'),
	(713, '2', '03:21:27', '2017-08-16', 0, 0, 3, 1, 'محمد ', '0502888235', 'boohal458@gmail.com', 'العوالي ', '24.560465213047404', '46.592622140488956'),
	(714, '2', '05:59:53', '2017-08-16', 0, 0, 3, 1, 'محمد', '0502888235', 'boohal458@gmail.com', 'السويدي ', '24.585358225494', '46.6509789264484'),
	(715, '178', '06:26:12', '2017-08-16', 0, 0, 3, 1, 'Adam', '01097311', 'aa@mail.com', 'بيانات العنوان', '30.04440000', '31.23470000'),
	(716, '178', '06:28:29', '2017-08-16', 0, 0, 3, 1, 'Adam', '01097311', 'aa@mail.com', 'بيانات العنوان', '30.04440000', '31.23470000'),
	(717, '178', '06:32:31', '2017-08-16', 0, 0, 3, 1, 'Adam', '01097311', 'aa@mail.com', 'بيانات العنوان', '30.04440000', '31.23470000'),
	(718, '178', '06:33:25', '2017-08-16', 0, 0, 3, 1, 'Adam', '01097311', 'aa@mail.com', 'بيانات العنوان', '30.04440000', '31.23470000'),
	(719, '178', '06:35:16', '2017-08-16', 0, 0, 3, 1, 'Adam', '01097311', 'aa@mail.com', 'بيانات العنوان', '30.04440000', '31.23470000'),
	(720, '178', '06:36:29', '2017-08-16', 0, 0, 3, 1, 'Adam', '01097311', 'aa@mail.com', 'بيانات العنوان', '30.04440000', '31.23470000'),
	(721, '178', '07:15:10', '2017-08-16', 0, 0, 3, 1, 'Adam', '01097311', 'aa@mail.com', 'بيانات العنوان', '30.04440000', '31.23470000'),
	(722, '179', '09:39:00', '2017-08-17', 0, 0, 3, 1, 'محمد ', '505286329', 'simo29670@outlook.com', 'https://maps.google.com/?q=24.803514,46.784073', '24.80351119', '46.78430351'),
	(723, '0', '14:07:06', '2017-08-17', 0, 0, 3, 1, 'hassan', '0536064442', 'hasassiri4442@gmail.com', 'بيانات العنوان', '18.21307074', '42.53885389'),
	(724, '169', '20:27:37', '2017-08-17', 0, 0, 3, 1, 'ام مروه', '0501203619', 'meme-134-@hotmail.com', 'بيانات العنوان', '26.35221483', '50.19859736'),
	(725, '186', '16:55:37', '2017-08-19', 0, 0, 3, 1, 'Saeed Samer', '0558070200', 's.samer@hotmail.com', 'Address Data', '26.37128602', '50.08067189'),
	(726, '0', '08:21:28', '2017-08-20', 0, 0, 3, 1, 'walid rahal', '0554649090', 'simba202wr@gmail.com', 'مسجد عبدالله هاشم العماريه جده ', '21.49448380', '39.19365501'),
	(727, '190', '15:16:14', '2017-08-20', 0, 0, 3, 1, 'كنانه خاسكيه ', '0551273565', 'moon.15.14@icloud.com', 'حي الذهبي  بعد متجر نمار سيدا بعد قاعة الرياض يمين بعدين اول يسار اول يمين ثاني فيلا مقابل ارض فارغه ', '24.55135597', '46.55094587'),
	(728, '0', '16:54:37', '2017-08-20', 0, 0, 3, 1, 'Ahmed', '0599255556', 'afao@live.com', 'Address Data', '26.29727778', '50.16897529'),
	(729, '191', '22:16:11', '2017-08-20', 0, 0, 3, 1, 'ظافر', '0550031896', 'afaf7474@icloud.com', 'https://maps.google.com/?q=18.276737,42.752983', '18.27692758', '42.75291786'),
	(730, '177', '19:35:39', '2017-08-21', 0, 0, 1, 1, 'Glory Maker', '01022663988', 'a.elsayedabdo@gmail.com', 'home', '37.421998333333335', '-122.08400000000002'),
	(731, '177', '19:49:07', '2017-08-21', 0, 0, 1, 1, 'Glory Maker', '01022663988', 'a.elsayedabdo@gmail.com', 'home', '37.421998333333335', '-122.08400000000002'),
	(732, '136', '20:54:07', '2017-08-21', 0, 0, 1, 1, 'Ahmad', '0552360850', 'ahmed@xyz.com', 'Nahda', '24.756341', '46.7912444'),
	(733, '136', '20:58:47', '2017-08-21', 0, 2, 2, 1, 'احمد', '0552360850', 'ahmad@xyz.com', 'النهضه', '24.756347', '46.7912497'),
	(734, '193', '09:46:42', '2017-08-22', 0, 0, 3, 1, 'ام عبدالرحيم', '0540954754', 'dody-6@hotmail.com', 'مكة المكرمة\nالنوارية الغربية\nبالقرب من ماكدونالدز\nيمين من محل غاز عطية البشري \nاول عمارة عاليسار باب زجاجي شفاف \n', '21.55450089', '39.77121865'),
	(735, '136', '09:52:05', '2017-08-22', 0, 0, 2, 1, 'Ahmed', '0552360850', 'ahmed@xyz.com', 'riyadh', '24.7564639', '46.7912119'),
	(736, '136', '20:27:19', '2017-08-22', 0, 0, 2, 1, 'Ahmad', '0552360850', 'ahmes@xyz.com', 'address', '24.7558614', '46.7924871'),
	(737, '195', '20:59:49', '2017-08-22', 0, 0, 3, 1, 'Abdulelah', '0550403999', 'Soul1990-7@hotmail.com', 'Address Data', '24.45119717', '39.66574240'),
	(738, '136', '09:36:30', '2017-08-23', 0, 0, 2, 1, 'Ahmed', '0552360850', 'ahmed@xyz.com', 'riyadh', '24.7564826', '46.7912119'),
	(739, '197', '12:24:00', '2017-08-23', 0, 0, 3, 1, 'test', '9910072767', 'test@test.com', 'tesy', '28.4126057', '77.0435271'),
	(740, '205', '17:07:22', '2017-08-23', 0, 0, 3, 1, 'Nawal Alkanji ', '0555623433', 'kanji-nawL@hotmail.com', 'المحمديه جده ', '21.65079346', '39.13788479'),
	(741, '206', '19:43:27', '2017-08-23', 0, 0, 3, 1, 'محمد عبدالله', '0503342400', 'hetershi@hotmail.con', 'Address Data', '24.02235625', '38.20199247'),
	(742, '203', '20:02:37', '2017-08-23', 0, 0, 3, 1, 'shivanshu', '9617858650', 'shiwanshu@mailinator.com', '342/43 address street no. 56 ', '28.4510755', '77.0116446'),
	(743, '0', '22:59:22', '2017-08-23', 0, 0, 3, 1, 'عبدالرحمن سعد ', '0504154838', 'abuusaaad111@hotmail.com', 'الرياض / حي روابي شرق الرياض/شارع عبد الله بن عباس/رقم العماره ٤٦/ شقه رقم ١', '24.69185309', '46.79545554'),
	(744, '207', '07:07:19', '2017-08-24', 0, 0, 3, 1, 'سهيل الصبحي', '٠٥٦٨٨٦١٩٠٨', 'sohil.1908@gmail.con', 'ج١٦بجوار مركز الاحسان ', '24.09667479', '38.08838377'),
	(745, '36', '08:25:59', '2017-08-24', 0, 0, 3, 1, 'سعيد', '٠٥٥١١٢٤٢٤٤', 'sss6602008@hotmail.com', 'بيانات العنوان', '18.18678535', '42.55717834'),
	(746, '136', '13:09:51', '2017-08-24', 0, 0, 2, 1, 'ahmad', '0552360850', 'ahmed@xyz.com', 'nahda', '24.7564766', '46.7912214'),
	(747, '0', '15:13:08', '2017-08-24', 0, 0, 1, 1, 'hazem', '1234567', 'hazem.hamdy@voda.com', 'Home', '51.50998000', '-0.13370000'),
	(748, '0', '15:16:07', '2017-08-24', 0, 0, 1, 1, 'has', '345678', 'ha ahah.aaa@sss.com', 'Home', '51.50998000', '-0.13370000'),
	(749, '177', '16:16:21', '2017-08-24', 0, 0, 2, 1, 'Glory Maker', '0102263988', 'a.elsayedabdo@gmail.com', 'Android Developer', '37.421998333333335', '-122.08400000000002'),
	(750, '177', '16:33:27', '2017-08-24', 0, 2, 2, 1, 'Glory Maker', '+201022663988', 'a.elsayedabdo@gmail.com', 'android developer', '37.421998333333335', '-122.08400000000002'),
	(751, '177', '16:42:50', '2017-08-24', 0, 2, 3, 1, 'Glory Makaaaaaaaaaaaaaaaaaar', '+201022663988', 'a.elsayedabdo@gmail.com', 'Elli Fadlo 3aloco', '37.421998333333335', '-122.08400000000002'),
	(752, '177', '16:53:20', '2017-08-24', 0, 2, 3, 1, 'sdsdf', '2352352352352352352', 'asdfaffsa@sdgsdgsdg.com', 'sdgsdgsdg', '37.421998333333335', '-122.08400000000002'),
	(753, '177', '17:02:05', '2017-08-24', 0, 2, 3, 1, 'aseff', '1412421412443', 'sdfsad@dgrgds.com', 'SFsf', '37.421998333333335', '-122.08400000000002'),
	(754, '177', '17:04:46', '2017-08-24', 0, 2, 3, 1, 'asasf', '12412412412124', 'asdas@sfasf.com', 'afasfasfasf', '37.421998333333335', '-122.08400000000002'),
	(755, '209', '17:39:41', '2017-08-24', 0, 0, 3, 1, 'sultan', '0565955675', 'babyeyes--232@hotmail.com', 'بيت رقم ٧ بالزاويه ', '24.72420955', '46.81146707'),
	(756, '177', '19:52:52', '2017-08-24', 0, 0, 2, 1, 'Glory Maker', '+20102266339988', 'a.elsayedabdo@gmail.com', 'www.facebook,com/gm4s1', '37.421998333333335', '-122.08400000000002'),
	(757, '136', '21:19:14', '2017-08-24', 0, 2, 2, 1, 'Ahmad', '0552360850', 'ahmed@xyz.com', 'Riyadh', '24.756341', '46.7912444'),
	(758, '136', '21:26:27', '2017-08-24', 0, 0, 1, 1, 'AhmedOam', '0552360850', 'ahmed@xyz.com', 'nahda', '24.756347', '46.7912497'),
	(759, '136', '22:13:23', '2017-08-24', 0, 2, 1, 1, 'ahmadoam', '0552360850', 'ahmed@xyz.com', 'good', '24.7563537', '46.7912686'),
	(760, '0', '22:16:37', '2017-08-24', 0, 0, 2, 1, 'sadasd', '1234567', 'ssss@ssss.aa', 'Asd', '51.50998000', '-0.13370000'),
	(761, '0', '22:19:39', '2017-08-24', 0, 0, 2, 1, 'worth', '12345678', 'asd@asdfgh.asdfgh', 'Sdfgh', '51.50998000', '-0.13370000'),
	(762, '0', '22:21:07', '2017-08-24', 0, 0, 2, 1, 'sdfdg', '12345678', 'wert@ss.aa', 'Address Data', '51.50998000', '-0.13370000'),
	(763, '0', '22:23:47', '2017-08-24', 0, 0, 2, 1, 'sdfghgfdsa', '1234567', 'asda@aa.sss', 'Add', '51.50998000', '-0.13370000'),
	(764, '0', '22:24:57', '2017-08-24', 0, 0, 2, 1, 'sdasdada', '1234567', 'adasd@aa.cc', 'Dfghyj', '51.50998000', '-0.13370000'),
	(765, '0', '22:28:31', '2017-08-24', 0, 0, 2, 1, 'asdfsgfgs', '12324567', 'sadasd@asa.ss', 'Sweaty', '51.50998000', '-0.13370000'),
	(766, '0', '22:34:03', '2017-08-24', 0, 0, 2, 1, 'dasdasd', '1234567', 'aaa@ss.sss', 'Sdfghj', '51.50998000', '-0.13370000'),
	(767, '0', '22:55:57', '2017-08-24', 0, 0, 3, 1, 'ابوسعد ', '0504154838', 'abuu_saaad111@hotmail.com', 'حي روابي شرق الرياض شارع عبدالله بن عباس ', '24.69209164', '46.79553084'),
	(768, '210', '22:56:16', '2017-08-24', 0, 0, 3, 1, 'ABDULMOHSEN', '0541422220', 'alosum338@yahoo.com', 'بيانات العنوان', '26.25954522', '50.19028272'),
	(769, '136', '23:50:42', '2017-08-24', 0, 0, 3, 1, 'ahmad', '0552360850', 'ahmad@xyz.com', 'address', '24.756347', '46.7912497'),
	(770, '177', '01:20:19', '2017-08-25', 0, 2, 2, 1, 'aaa bbb ccc', '112233445566', 'asd@asd.com', 'asdfasg', '37.421998333333335', '-122.08400000000002'),
	(771, '177', '01:34:32', '2017-08-25', 0, 2, 2, 1, 'sdfsd', '272273373738', 'asff@asf.com', 'dvsdgsdsgsdg', '37.421998333333335', '-122.08400000000002'),
	(772, '136', '01:55:58', '2017-08-25', 0, 2, 2, 1, 'ahmed', '0552360850', 'ahmed@xyz.com', 'address', '24.756347', '46.7912497');
/*!40000 ALTER TABLE `orders` ENABLE KEYS */;

-- Dumping structure for table Isqenidev.order_item
CREATE TABLE IF NOT EXISTS `order_item` (
  `id` int(11) NOT NULL AUTO_INCREMENT,
  `order_id` int(11) NOT NULL,
  `product_id` int(11) NOT NULL,
  `vendor_id` int(11) NOT NULL,
  `product_name` varchar(150) DEFAULT NULL,
  `vendor_name` varchar(250) DEFAULT NULL,
  `price` double(11,2) DEFAULT '0.00',
  `qty` int(11) DEFAULT '0',
  `sub_total` double DEFAULT '0',
  `coupon_id` int(11) DEFAULT NULL,
  `discount` double(11,2) DEFAULT NULL,
  `total_amount` double(11,2) DEFAULT NULL,
  `created` datetime DEFAULT NULL,
  PRIMARY KEY (`id`)
) ENGINE=InnoDB DEFAULT CHARSET=utf8;

-- Dumping data for table Isqenidev.order_item: ~0 rows (approximately)
/*!40000 ALTER TABLE `order_item` DISABLE KEYS */;
/*!40000 ALTER TABLE `order_item` ENABLE KEYS */;

-- Dumping structure for table Isqenidev.products
CREATE TABLE IF NOT EXISTS `products` (
  `id` int(11) NOT NULL AUTO_INCREMENT,
  `prod_num` varchar(100) NOT NULL,
  `prod_num_en` varchar(255) NOT NULL,
  `cat_id` int(11) NOT NULL,
  `name` varchar(255) NOT NULL,
  `name_en` varchar(255) NOT NULL,
  `text2` text NOT NULL,
  `text2_en` text NOT NULL,
  `amount` int(11) NOT NULL,
  `price` float NOT NULL,
  `photo` varchar(255) NOT NULL,
  `branch_id` int(11) NOT NULL,
  `area_id` int(11) NOT NULL,
  `active` tinyint(1) NOT NULL DEFAULT '1',
  `offer` tinyint(1) NOT NULL DEFAULT '0',
  `discount` float NOT NULL,
  `min_charge` varchar(255) NOT NULL,
  `price_ind` double(11,2) DEFAULT '0.00',
  `price_mosque` double(11,2) DEFAULT '0.00',
  `price_corp` double(11,2) DEFAULT '0.00',
  `qty` int(11) DEFAULT NULL,
  PRIMARY KEY (`id`)
) ENGINE=InnoDB AUTO_INCREMENT=32 DEFAULT CHARSET=utf8;

-- Dumping data for table Isqenidev.products: ~21 rows (approximately)
/*!40000 ALTER TABLE `products` DISABLE KEYS */;
INSERT INTO `products` (`id`, `prod_num`, `prod_num_en`, `cat_id`, `name`, `name_en`, `text2`, `text2_en`, `amount`, `price`, `photo`, `branch_id`, `area_id`, `active`, `offer`, `discount`, `min_charge`, `price_ind`, `price_mosque`, `price_corp`, `qty`) VALUES
	(5, '1_300 مل _ شد 40', '1_300ml_case40', 2, 'مويا', 'Moya', 'مويا 300مل شد40', '<div>MOYA 300ML case 40</div>', -706, 17.5, 'http://isqeni.com/download/products/1500366377.jpg', 0, 0, 1, 0, 0, '350', 140.00, 120.00, 120.00, NULL),
	(9, '1_200 مل _شد 48', '1_200ml_case48', 2, 'مويا', 'Moya', '<div>مويا 200 مل _ شد 48</div>', 'MOYA 200 ML _ case 48', -378, 17.5, 'http://isqeni.com/download/products/1501575810.jpg', 0, 0, 1, 0, 0, '350', 150.00, 130.00, 130.00, NULL),
	(10, '1_500 مل _ شد 30', '1_500ml_case30', 2, 'مويا', 'Moya', '<div align="left">مويا 500 مل _شد 30</div>', '<div>MOYA 500 ML _case 30</div>', -144, 16.5, 'http://isqeni.com/download/products/1501576391.jpg', 0, 0, 1, 0, 0, '330', 125.00, 120.00, 120.00, NULL),
	(11, '1_1500مل _ شد 12', '1_1500ml_case12', 2, 'مويا', 'Moya', 'مويا 1500 مل _شد 12', '<div>MOYA 1500 ML _ case 12</div>', -189, 14.5, 'http://isqeni.com/download/products/1501576907.jpg', 0, 0, 1, 0, 0, '290', 140.00, 120.00, 120.00, NULL),
	(12, '2_330 مل _شد 40 ', '2_330ml_case40', 3, 'مياه لين ', 'Leen', 'لين 330 مل _ شد 40 ', '<div>LEEN 330 ML _ case 40 </div>', -303, 13.56, 'http://isqeni.com/download/products/1501577526.jpg', 0, 0, 1, 0, 0, '271', 130.00, 120.00, 120.00, NULL),
	(13, '2_330 مل _ شد 20', '2_330ml_case20', 3, 'مياه لين ', 'Leen', 'لين 330_شد 20 ', 'LEEN 330 _case 20', -399, 6.78, 'http://isqeni.com/download/products/1501577789.jpeg', 0, 0, 1, 0, 0, '135', 120.00, 100.00, 100.00, NULL),
	(14, '2_600 مل _ شد 24', '2_600ml_case24', 3, 'مياه لين ', 'Leen', 'لين 600 مل _ شد 24 ', '<div>LEEN 600 ML _ case 24 </div>', -334, 11.5, 'http://isqeni.com/download/products/1501580209.jpeg', 0, 0, 1, 0, 0, '230', 345.00, 123.00, 345.00, NULL),
	(15, '3_250 مل _ شد 40', '3_LT250_case 40    ', 7, 'اوم كاسات 250 مل ', 'oam 250ml', 'مياه اوم كاسات 250 مل شد 40', 'Oam water 250 ml case 40', -21, 8, 'http://isqeni.com/download/products/1503568725.jpg', 0, 0, 1, 0, 0, '160', 124.00, 121.00, 234.00, NULL),
	(16, '3_200 مل _ شد 48', '3_200ML_case 48', 7, 'اوم 200 مل ', 'oam 200ml', 'مياه اوم 200 مل شد 48&nbsp;', 'oam water 200 ML case 48', -3, 15, 'http://isqeni.com/download/products/1503568891.jpg', 0, 0, 1, 0, 0, '150', 100.00, 90.00, 90.00, NULL),
	(17, '3_ 330 مل _شد 40 ', '3_330ML_case40', 7, 'اوم 330 مل ', 'oam 330ml', 'مياه اوم 330مل شد 40', 'oam water 330 ML case 40', -32, 14, 'http://isqeni.com/download/products/1503568957.jpg', 0, 0, 1, 0, 0, '210', 15.00, 10.00, 10.00, NULL),
	(18, '3_ 5 لتر _ شد 4', '3_5LT_case 4', 7, 'اوم 5 لتر ', 'oam 5L', 'مياه اوم 5 لتر شد 4', 'oam 5LT case 4', -20, 10, 'http://isqeni.com/download/products/1503568993.jpg', 0, 0, 1, 0, 0, '100', 30.00, 25.00, 27.00, NULL),
	(19, '3_16 لتر _ جالون ', '3_16LT_gallon', 7, 'اوم 16 لتر ', 'oam 16L', 'مياه اوم 16لتر _ جالون&nbsp;', 'oam water 16 LT _ gallon&nbsp;', -30, 6, 'http://isqeni.com/download/products/1503569022.jpg', 0, 0, 1, 0, 0, '120', 300.00, 150.00, 150.00, NULL),
	(20, '1', '1', 16, 'بورجومي بريق طبيعي زجاجة المياه تألق', 'Borjomi Naturally Sparkling Water Glass Bottle', 'وهي فريدة من نوعها المياه المعدنية هيدروكربونات الصوديوم الطبيعية مع التمعدن الطبيعي والكربنة', 'A unique natural Sodium Hydrocarbonate mineral water with natural mineralization and carbonation', 0, 50, 'http://35.196.171.153/isqenidev/download/products/1509365805.jpg', 0, 0, 1, 0, 0, '30', 250.00, 200.00, 200.00, NULL),
	(21, '2', '2', 15, 'دير جيدا لا يزال المياه المعبأة في زجاجات زجاجة بلاستيكية 24 × 500ML', 'Abbey Well Still Bottled Water Plastic Bottle 24 x 500ml', 'دير سكويبس جيدا المياه المعدنية الطبيعية تأتي من مصدر واحد محمي طبيعيا في موربيث، نورثمبرلاند وكل قطرة الماضي تم تصفيتها بشكل طبيعي من خلال المياه تحمل الحجر الرملي الأبيض لمدة لا تقل عن 3000 سنة', 'Schweppes Abbey Well Natural Mineral Water comes from a single naturally protected source in Morpeth, Northumberland, and every last drop has been naturally filtered through water-bearing white sandstone for at least 3,000 years', 0, 56, 'http://35.196.171.153/isqenidev/download/products/1509366610.jpg', 0, 0, 1, 0, 0, '37', 210.00, 200.00, 200.00, NULL),
	(22, '3', '3', 14, 'أكوا بورا لا تزال المياه المعبأة في زجاجات زجاجة بلاستيكية 3 × 5L', 'Aqua Pura Still Bottled Water Plastic Bottle 3 x 5L', 'مستمدة من ما يعتقد أنه واحد من أكبر خزانات المياه الجوفية في أوروبا،', 'Drawn from what is believed to be one of the largest groundwater aquifers in Europe, ', 0, 45, 'http://35.196.171.153/isqenidev/download/products/1509366942.jpg', 0, 0, 1, 0, 0, '23', 300.00, 300.00, 300.00, NULL),
	(23, '4', '4', 13, 'بادويت زجاجة ماء فوارة بطبيعة الحال', 'Badoit Naturally Sparkling Water Glass Bottle', 'بادويت هو ماء طبيعي يتم الحصول عليه من مصادر طبيعية في سانت-غالمير، فرنسا.', 'Badoit is a naturally carbonated water obtained from natural sources in Saint-Galmier, France.', 0, 76, 'http://35.196.171.153/isqenidev/download/products/1509367139.jpg', 0, 0, 1, 0, 0, '34', 100.00, 90.00, 90.00, NULL),
	(24, '5', '5', 12, 'بادويت زجاجة ماء فوارة بطبيعة الحال', 'Badoit Naturally Sparkling Water Glass Bottle', 'بادويت زجاجة ماء فوارة بطبيعة الحال', 'Badoit Naturally Sparkling Water Glass Bottle', 0, 34, 'http://35.196.171.153/isqenidev/download/products/1509367272.jpg', 0, 0, 1, 0, 0, '31', 100.00, 190.00, 200.00, NULL),
	(25, '6', '6', 11, 'بلك فولفيك زجاجة المياه البلاستيكية', 'Blk Fulvic Water Plastic Bottle 12 x 500ml ', 'أكوا أموري تقدم بفخر المياه بلك، أول من أي وقت مضى فولفيك تعزيز المياه المعدنية الطبيعية.', 'Aqua Amore proudly presents blk water, the first ever fulvic-enhanced all-natural mineral water.', 0, 65, 'http://35.196.171.153/isqenidev/download/products/1509367422.jpg', 0, 0, 1, 0, 0, '45', 200.00, 190.00, 190.00, NULL),
	(26, '7', '7', 10, 'فيجي المياه المعبأة في زجاجات زجاجة بلاستيكية', 'Fiji Bottled Water Plastic Bottle 24 x 500ml', 'Translate\nWhat makes Fiji Water so special? (Apart from being available to buy online for delivery to your home\n\nWhat makes Fiji Water so special? (Apart from being available to buy online for delivery to your home\n \n\n101/5000\nما الذي يجعل فيجي المياه الخاصة جدا؟ (وبصرف النظر عن كونها متاحة لشراء عبر الإنترنت للتسليم إلى منزلك', 'Translate\nWhat makes Fiji Water so special? (Apart from being available to buy online for delivery to your home\n\nWhat makes Fiji Water so special? (Apart from being available to buy online for delivery to your home\n \n\n101/5000\nما الذي يجعل فيجي المياه الخاصة جدا؟ (وبصرف النظر عن كونها متاحة لشراء عبر الإنترنت للتسليم إلى منزلك', 0, 65, 'http://35.196.171.153/isqenidev/download/products/1509367657.jpg', 0, 0, 1, 0, 0, '43', 399.00, 300.00, 300.00, NULL),
	(27, '8', '8', 3, 'كونتركس لا يزال زجاجة المياه البلاستيكية', 'Contrex Still Water Plastic Bottle', 'اكتشفت لأول مرة من قبل الملك لويس الخامس عشر الطبيب الشخصي الدكتور باغارد، كونتركس هو المياه الفرنسية شعبية للغاية من كونتركسيفيل في شمال شرق فرنسا', 'First discovered by King Louis XV personal physician Dr. Bagard, Contrex is an extremely popular French water from Contrexeville in north-eastern France', 0, 67, 'http://35.196.171.153/isqenidev/download/products/1509371410.jpg', 0, 0, 1, 0, 0, '54', 400.00, 350.00, 350.00, NULL),
	(28, '9', '9', 2, 'كونتركس لا يزال زجاجة المياه البلاستيكية', 'Contrex Still Water Plastic Bottle', 'اكتشفت لأول مرة من قبل الملك لويس الخامس عشر الطبيب الشخصي الدكتور باغارد، كونتركس هو المياه الفرنسية شعبية للغاية من كونتركسيفيل في شمال شرق فرنسا.', 'First discovered by King Louis XV personal physician Dr. Bagard, Contrex is an extremely popular French water from Contrexeville in north-eastern France.', 0, 45, 'http://35.196.171.153/isqenidev/download/products/1509371735.jpg', 0, 0, 1, 0, 0, '23', 123.00, 567.00, 123.00, NULL),
	(29, 'iuy', 'iuy', 15, 'oiuy', 'iuy', 'iuyt<span style="white-space:pre">	</span>', 'kjhg', 0, 0, '', 0, 0, 1, 0, 0, '3', 765.00, 876.00, 765.00, NULL),
	(30, 'iuy', 'iuy', 15, 'oiuy', 'iuy', 'iuyt<span style="white-space:pre">	</span>', 'kjhg', 0, 0, '', 0, 0, 1, 0, 0, '3', 765.00, 876.00, 765.00, NULL),
	(31, 'kjhg', 'kjh', 15, 'lkjh', 'lkjhg', 'jhgf', 'iujhygt', 0, 0, 'http://35.196.171.153/isqenidev/download/products/1510134236.png', 0, 0, 1, 0, 0, '3', 876.00, 876.00, 876.00, NULL);
/*!40000 ALTER TABLE `products` ENABLE KEYS */;

-- Dumping structure for table Isqenidev.product_chemical_composition
CREATE TABLE IF NOT EXISTS `product_chemical_composition` (
  `id` int(11) NOT NULL AUTO_INCREMENT,
  `product_id` int(11) DEFAULT NULL,
  `chemical_name` varchar(100) DEFAULT NULL,
  `chemical_value` varchar(100) DEFAULT NULL,
  `chemical_name_en` varchar(100) DEFAULT NULL,
  `chemical_value_en` varchar(100) DEFAULT NULL,
  `status` tinyint(4) DEFAULT '1',
  PRIMARY KEY (`id`)
) ENGINE=InnoDB AUTO_INCREMENT=13 DEFAULT CHARSET=utf8;

-- Dumping data for table Isqenidev.product_chemical_composition: ~11 rows (approximately)
/*!40000 ALTER TABLE `product_chemical_composition` DISABLE KEYS */;
INSERT INTO `product_chemical_composition` (`id`, `product_id`, `chemical_name`, `chemical_value`, `chemical_name_en`, `chemical_value_en`, `status`) VALUES
	(1, 5, 'Mineral', '9 g', 'Mineral', '9 g', 1),
	(2, 5, 'Sodium', '1 g', 'Sodium', '1 g', 1),
	(3, 5, 'Carbohydrates', '2.5 g', 'Carbohydrates', '2.5 g', 1),
	(4, 5, 'Sugar', '0 g', 'Sugar', '0 g', 1),
	(5, 6, 'Mangnise', '.01g', 'Magnisium', '1g', 1),
	(6, 6, 'Sodium', '1g', 'Sodium', '1g', 1),
	(7, 6, 'Salt', '1g', 'Salt', '1g', 1),
	(8, 6, 'Carbon', '1g', 'Carbon', '1g', 1),
	(9, 7, 'Potasium', '1g', 'Potasium', '1g', 1),
	(10, 7, 'Salt', '1g', 'Salt', '1g', 1),
	(11, 7, 'Calsium', '1g', 'Calsium', '1g', 1),
	(12, 7, 'Lithium', '1g', 'Lithium', '1g', 1);
/*!40000 ALTER TABLE `product_chemical_composition` ENABLE KEYS */;

-- Dumping structure for table Isqenidev.question
CREATE TABLE IF NOT EXISTS `question` (
  `id` int(11) NOT NULL AUTO_INCREMENT,
  `order_id` int(11) NOT NULL,
  `received` int(11) NOT NULL,
  `in_time` int(11) NOT NULL,
  `score` int(11) NOT NULL DEFAULT '0',
  PRIMARY KEY (`id`)
) ENGINE=InnoDB AUTO_INCREMENT=12 DEFAULT CHARSET=latin1;

-- Dumping data for table Isqenidev.question: ~6 rows (approximately)
/*!40000 ALTER TABLE `question` DISABLE KEYS */;
INSERT INTO `question` (`id`, `order_id`, `received`, `in_time`, `score`) VALUES
	(1, 15, 1, 0, 3),
	(2, 19, 1, 1, 3),
	(3, 23, 1, 1, 4),
	(9, 754, 1, 1, 3),
	(10, 754, 1, 1, 3),
	(11, 754, 1, 1, 3);
/*!40000 ALTER TABLE `question` ENABLE KEYS */;

-- Dumping structure for table Isqenidev.setting
CREATE TABLE IF NOT EXISTS `setting` (
  `id` int(11) NOT NULL AUTO_INCREMENT,
  `site_lang` varchar(100) NOT NULL,
  `admin_lang` varchar(100) NOT NULL,
  `site_name` varchar(255) NOT NULL,
  `contact` text NOT NULL,
  `facebook` varchar(255) NOT NULL,
  `twttier` varchar(255) NOT NULL,
  `youtube` varchar(255) NOT NULL,
  `mobile` varchar(30) NOT NULL,
  `site_email` varchar(255) NOT NULL,
  `data_in_page` int(11) NOT NULL,
  `paypal` varchar(255) NOT NULL,
  `price` float NOT NULL,
  `template` varchar(30) NOT NULL DEFAULT '',
  `counter` int(11) NOT NULL,
  `freeads` int(11) NOT NULL,
  `dinar` float NOT NULL,
  PRIMARY KEY (`id`)
) ENGINE=InnoDB AUTO_INCREMENT=2 DEFAULT CHARSET=utf8;

-- Dumping data for table Isqenidev.setting: ~0 rows (approximately)
/*!40000 ALTER TABLE `setting` DISABLE KEYS */;
INSERT INTO `setting` (`id`, `site_lang`, `admin_lang`, `site_name`, `contact`, `facebook`, `twttier`, `youtube`, `mobile`, `site_email`, `data_in_page`, `paypal`, `price`, `template`, `counter`, `freeads`, `dinar`) VALUES
	(1, '2', '2', 'اسقني Isqeni', '', 'https://www.facebook.com', 'https://twitter.com', 'http://youtube.com/', '0118107881', 'info@isqeni.com', 20, '10000000', 1, 'main', 108, 10, 3);
/*!40000 ALTER TABLE `setting` ENABLE KEYS */;

-- Dumping structure for table Isqenidev.shipping_address
CREATE TABLE IF NOT EXISTS `shipping_address` (
  `id` int(11) NOT NULL AUTO_INCREMENT,
  `client_id` int(11) DEFAULT NULL,
  `city_id` int(11) DEFAULT NULL,
  `client_name` varchar(150) DEFAULT NULL,
  `street` varchar(150) DEFAULT NULL,
  `house` varchar(150) DEFAULT NULL,
  `landmark` varchar(150) DEFAULT NULL,
  `estimate_date` date DEFAULT NULL,
  `estimate_time` time DEFAULT NULL,
  `created` datetime DEFAULT NULL,
  PRIMARY KEY (`id`)
) ENGINE=InnoDB DEFAULT CHARSET=utf8;

-- Dumping data for table Isqenidev.shipping_address: ~0 rows (approximately)
/*!40000 ALTER TABLE `shipping_address` DISABLE KEYS */;
/*!40000 ALTER TABLE `shipping_address` ENABLE KEYS */;

-- Dumping structure for table Isqenidev.times
CREATE TABLE IF NOT EXISTS `times` (
  `id` int(11) NOT NULL AUTO_INCREMENT,
  `ctime1` time NOT NULL,
  `ctime2` time NOT NULL,
  `branch_id` int(11) NOT NULL,
  `weeknum` tinyint(1) NOT NULL,
  PRIMARY KEY (`id`)
) ENGINE=InnoDB DEFAULT CHARSET=utf8;

-- Dumping data for table Isqenidev.times: ~0 rows (approximately)
/*!40000 ALTER TABLE `times` DISABLE KEYS */;
/*!40000 ALTER TABLE `times` ENABLE KEYS */;

-- Dumping structure for table Isqenidev.tokens
CREATE TABLE IF NOT EXISTS `tokens` (
  `id` int(11) NOT NULL AUTO_INCREMENT,
  `device` varchar(60) NOT NULL,
  `device_token` varchar(150) NOT NULL,
  PRIMARY KEY (`id`)
) ENGINE=InnoDB AUTO_INCREMENT=205 DEFAULT CHARSET=latin1;

-- Dumping data for table Isqenidev.tokens: ~204 rows (approximately)
/*!40000 ALTER TABLE `tokens` DISABLE KEYS */;
INSERT INTO `tokens` (`id`, `device`, `device_token`) VALUES
	(1, '721781cd30885061', 'APA91bF9h1KFSrZh1BzVCZqr7i4q3PFjP3nKZ2huog9AalKia_06fxqe6sH9Q5ZKH_zF1tfDpEw6dLkiUGqUCYMLelR3jloaxADWZGcPJK_seVSUGlw2DDBPA5g-J1EZxIrPeyYothRT'),
	(2, '83e062c1aa1593d6', 'APA91bGGABqvujWczRI7DukLHUxirgC8c-Kh_Iiz_ZOEypN_Cp_U8JvFkuyrUm15y4rwCXOTUpxb6m2XOYT06OyAOwjRhHdf_Cjf1A59HrAgY-1-Uk3rc4cmw-CDkR6ldvu71U3zYFPx'),
	(3, '', 'APA91bGT_LKB3P7iz0BBmB2UCglrzheJyMxs3ZonQNsAbiLgiNIFqg8qXXJOJentss7Zn-Z8r70lW9AS96RUC7fuq_nsN1G5jh2XC0oFDKQEkHQLmW9iTmNitEZnVxZrPctxHlJ5bxvZ'),
	(4, '', 'APA91bEIUoaH_lDb7E7XQdNe83vLMaGmz-YDvHgMHsa4qMp0hAuQhFbKKrnY0F_aWeVUqH2YHCpzDrELN2uVD5fZu94S-pQjC-vngqlt0ORev3y1OpVk-RvvQHt2XbrTY-RIDFshAEUc'),
	(5, '', 'APA91bHFq7_eBn-WopteETmwKnHN16EuYTBBzhyfmfRqsN-Hzm8ltWFWZbtzQLEi5Akhr7c4UMP6w1oPAtDXcNhjqrLWWxDmcuvmR6wTZHMlKUvsZFWYuxJKrvjP7VGVnykX2E2I3vEm'),
	(6, '', 'APA91bGZcYAx1TNx5qpeLV5dOyi8THIoGjgY81h1UOxbu6UdDtWAvb9I7BN6YCmt-Q9QNEOqHMZWayugED7_asJJ7NpaeJKWb1S-pnEoOUoWLJik4kMvI_WO6I0CQpd9FIhvYsnyDph7'),
	(7, '', 'APA91bGgJCGZzuH7eGFm1OJOtg5NZZLODmCHHpM0Qfa844zovd154iDHPy8kptbXx7jRTIxF8HMWgD1yEA6l6e_Tq6IYP3GuNVLmbfxOfjlpMPikq5inruyvp7xxKGBMHkTa3f4xzFEM'),
	(8, '', 'APA91bG2-oSJKOhyyEJ0ndkXUCAOHISskQiWBdoxpA6GNTcUMsAUZ29YXoINnMNXoHqRvW_6bu7HgHkXOiSGcDEVI3UmPZzo2i1Etgtl848ZrSBfni7GhsVwDTc__kI3y8frTXsNLPiv'),
	(9, '', 'APA91bFE_Xx77jIgFaYL9InMW9n783esUM5cH0zKYMd0qP2kjJ1gOurIPVQide5WJYZjxKYnwChDI7zj79vUEAOUPd8Oa_KsKPqPncoE2IjRq9op2EUfgzGniyzhDVWlxL2b7rSq5N1V'),
	(10, '', 'APA91bG4G6EFRcCEtQ12Rq7dDwHMEmDzp0QavE622ixNL7sysEQxCEirhgWRoyblD-zs4cwwzUewWJESLZ88PLM3sJUMFxv8hae57FDj9AdIK2zXTU1wVMa0uagsL2HJBcrKuHUYWvae'),
	(11, '', 'APA91bFx5BmUKS3FsO-nBXttTtX9vUGTDWuJf0AZW_0WWQ0Z-48B0vvKAOYP4ksqaFvhGzny16mcwYOyIEU7jK7bMK2UD2uxKCnx-T8kFuOcm7-MMuZ9AW3mXqiSXouDU2qHjgLPmM4u'),
	(12, '', 'APA91bGEX6R9jtf7qP63ZgMPxNdUjOcrz3Hb52jJ7Sd7Pa_cPdjnUGuuZQ3nwePeEY6D1_Bz7BQy7gO8IVF7G6oUaP4_ytA7ILXiriicO5tio7qopDpTuaOPvrbNvk_tDf43w2z_2zc4'),
	(13, '', 'APA91bEjswhzGaYClmn3vnphouuqMZUCvHrImp9yckNhIxR2t8J7PuHXYosp-Tw_29rM4_LsdPqhva9EqdINSZ73gAypJ0k_ymqobPZg9j1qVwhuEVde7BU1HzZk_Df_VgPdrh2I9zXH'),
	(14, '', 'APA91bFntBqk7iBLkOY3Yb7JW-lNColCENInEoxQ2ZB2yzMrsgxVbB8ZyTF7OxueFSqr3Q4hTa1n_BgmWbxF2Db2ovsYPHAgNI_O5NPRnmyVOdWxuaxJdWORVlToax-l7C_6BjLp6Bjd'),
	(15, '', 'APA91bFNPF9Zv9-7a3k3e_F199fTFwMxwTESwpNjSaTHqd7i5aMf2nFF2mlIraPcY9aWWtSXsXKMyimszjGo8Jy_27aEfrUFHhv0LJZWOtvv85Lx1hx2ZMh-pVHev2SdDq4zYMtxS9Nx'),
	(16, '', 'APA91bFjVvEVdwVnUwQzQittyQXZR6Dgja5XbC_p3XcIRHxDgqBw7ZY9Eb499TX2UWz1dGx0WEI19sj48Nu1q4b2NM19eM3C8pxeroFa3-1WdD4OChpbEzDc3bxOp8Xr5snwO_AYnlw_'),
	(17, '', 'APA91bFuwdq0GDpPXWrm5j1em-fieoRkfnUeGwEEMrCy2nOyzf1vZbUUBNxhf3AzpV8ml9IxXACrZhqA5GsZ2-DM9PKNp8yVMpiZ0fxnzKMo-iT0PrANkB_w_DP4oZu17gBlTCAwBH3g'),
	(18, '', 'APA91bEScmW1x3-sU1xmPUKVRpbvQGjNkHxXmpKMDihS8qbv8fgKkkS0ILbAbE2tKholz9pbvN6uW1Jdnhz1EOmNMMmzXUR5L5Q1cg994o1AeOrRqG6eHfarZDfPqIt9M1FKWGngFmK8'),
	(19, '', 'APA91bEXWSLSVbJ1-4YpEtdZ8CwpTr4J7hpJtcArOobj4LHgv4Vg6T88ZaDoqMeBoI2doA6InOvxlRb25QuxEiAYnFf40VEmzx94Wp_IarkOSYIsN5fwb9VWcc3Qlbp7plMbagYzavPs'),
	(20, '', 'APA91bFNyxuHtnljd05O8sYd4NtVGo2LgTmvFOWlv37bb4y480-NpInFaEfehdf_LibGF6HH0U-FVT614xTWs_AkvlzWjcpio5rVbcG85HceF7TWFGgjjy_V4pQ17nalHuvGS7B3Ea2O'),
	(21, '', 'APA91bGPqUdS7YK7wdjEkVNmYdV1wZY4DATzXL30HRf1FioY66Oek5uZ0V-odB2prob9fxeUgPmpO-muKJpfiBa9pYFrt41umZxIyvaj1VN9IKNNDlBcNl4Rn1ipgKMFD8BdGBT2vZmG'),
	(22, '', 'APA91bFoEUJSfJX3sfjqPDvRoCNmHF0fhNNjRUbIvZS8vlAxodWGkmKzWaJUAypMcizXh8KPCP8b5I-JGdYXFkJ_DHvyShlgtTHTeST2MfQJdy9dsXiSsR1xbjEk6Z7UvbCJIo0YDzdO'),
	(23, '', 'APA91bFBCrwFGP58jMppK19KCDyr0YfaSHJBWZxlM4Z2OMIQmEwhs2b56v_NmTEZNi6t0r5ai8vAupqn8neXHn8Tm_y7HZPRHyUv0F1qvW-Un-Ih8UMja0Mk-2SV9jq-Xz9jnhaCe9SJ'),
	(24, '', 'APA91bF2u6xWdi58v0DC7bxl1viDy5cXtAWmflspnmr2Ysx7zjn0p9bcpK_oN1FNg2xQn9KwLlFUeQhRhxK9hSHGSGBjNMcYL0nlw9keBzClvotyUKivaO17iN--k6zmsxNXPmPCk2eq'),
	(25, '', 'APA91bEYgd-kHnLaVVikohJWoNo3WNQuYfX9MY5xuO-h-7Qh57YmDrjA_UXCmj4JYC_BCFCOIQVQ_prV1W9EkYQmKt1-paNnp-cQ37wBy07zQbRKnZAcvqyZSRywbUWQO1Mw1V_Lprgr'),
	(26, '', 'APA91bF_UUDNJJjQux78hcAt3u2voi3juSY456f053kVG02BmUwnOzCzO3AFfk-iCkkivM2WLD4wlVGz0zqyIMCtbEUkfivOW-EUlqOY_Kkb77EpFrGr85Qi5yyzQI5MSlHXwOgad_CE'),
	(27, '', 'APA91bGO2ypLanc7Anstf0l6L6-BiziVufRGF9bFzQUqqxn-SU4tWJQJ5jQ9BSXk1cNIj5ZsgihS4QozCs72GkmHWuMXgXsNMJ1G9WFIB12-qojAG-a2_BBePzKW2pD-jiqEorWBv0GA'),
	(28, '', 'APA91bF4WQpiziTzIqbm_MLHQYR_hC9nMJhoSjyUg6sYVIgHhQQa8B1bNLAO18iz9eO983G0owxETXX_Zs5Rk9-C53_LpvzqnFSP1mDicmmgY90BpE_VTdXazlOP-Tf9vURY6IgvCSAR'),
	(29, '', 'APA91bG1EP6U-UfWzxHqff_mtH9xYKN5MBt-RyQrJ-3RFV4QVqZAfMhA2gxEf1nIQjGBHL_1QbdJliuxZ-y_zLwjUD01yV0O457tdSAgesdbVcknlnhdUMd5YHB38xnjn0f8Fv4D7MEe'),
	(30, '', 'APA91bFrHFS1qtel5u2kXqidQSeGoFP1CZEcS2O9-wQLPdhjCqnVNa_mvONvUm-Mu8xG2xHmo_oNvJbnQrbXcK_sM56knoeKSJL4g5LT3-S4izhdVBwsG4dFQ_ql50NgIRwt6AzgMCOk'),
	(31, '', 'APA91bGzCakL3Z2LyuG8QA4nvld9ATfSCzeSGUBSQv8zgCGQavcH6UMiViG_iX4sXTzuPE5P2bFu5NW1MJSZXKJmfaKdimV5tTQk9d4z5ciSiAkL-zu1bFOSRTfJ6MYxi6AtIYpkPt4A'),
	(32, '', 'APA91bHY3VO4UDTi2Y3jVaMe66xHTXEvbYcTG1DbU0d2zMOY57J6KZU4OLwPzrPXpWvpOERNDz7eXE7Getuws4Wuv-PCgJV53aVtM5xcLVjYz-3Lwvi-9aUygktXmbMJiofT-aKvbfje'),
	(33, '', 'APA91bE139lhswlnyLRdwKwBh0AigWAGOKTcy6g25coNvFwkD64V7sE5ZosXepxgqJKQj-podlp4DG-9DVSqIUaTkXSfa5YmxrISg9HPYi7juu0d7D16tlH-Jg-FisOvbeMyjze_QcjF'),
	(34, '', 'APA91bGXKfeRb2xxAgPdwT1CoV3c-vX6p0ORelHULwKtfsIuG56IRWtHdNJwhWHGgY8OAmIIko7beVHatlbt9Im0UFQte66wK2gYmysRtKFixqRQtLNF1RjGHO7UfK8uyZHs-fe1ti8k'),
	(35, '', 'APA91bHOx8pE-m41d6b5Df7SUjn1QgGkjm_wM7dBvOptIn1S4TCCR0poc5molZBj9EohMnemlXrUx6mHIVz8ggGCbVCyifSQF1p5ONYq04WcHBk_W3f02wW_1iBVGVAOKOwLFYbjXR_L'),
	(36, '', 'APA91bFIigpldwkxh_MWhBjhdc2zkSi4TE1JMo36u8vO4wasIhpkpSQoLZg_bBcC7Hbtdd6si8NsVV8mJkniJ9MOMlqx8V8aPkHlFuHWs6ULGgxYu-iCimHcjYIfz3VOwqALw2dcw-Zd'),
	(37, '', 'APA91bEFIKeokelDUv5XtHPxy7SbSTVnZ0bF0yhY1bGUFRVQaxfU4mr3eDCJ3RhZP7hyHBNay8wJ_aztZAQB4oNAtHsgf6hrl5y_OJEl_LJB0lmHiaIg1v8d8SspOnoQ-SePiPhhmvaa'),
	(38, '', 'APA91bE2Vx20c5GZeWqKWXBSe0YL3fFMUbaoz8TPL3bA7-fAqK2m_nHYiN1oQ1ZGyz0jTfMm3fxupDbS86YyQ6PYSOATsr7WnrrIyxqa5sfHtKw9eNm3Z90Z6G9VAjZxt9Lq0f8URXW7'),
	(39, '', 'APA91bE296vwH99mCgDaabSoWbTffRClfQb8zFBoA9khTh9U5fgI2P0kgODLBfTMk3onuN1ZWHkqWb9TZWSznhOiy-hPl5XCKgZsoa3CMoNtbnn6GeQljo-JbWhEYMMjnGuxt4forCcY'),
	(40, '', 'APA91bGqnlsrqnoTG8yv5rgx_VP-8FYQiOWCl2KdDKxZFJ2Cce401O-oNGkCIVpfHp4qhr-7PkCR9Rr07OeEiQHhu2UKRfcMxI90rg0uMqhxkCPwGp3SA0ryV-gLprJzTG4syGniS_ND'),
	(41, '', 'APA91bFLoh9G0xrwxTfq22gZFaISVdf1apNwaBvLqOUEAvNmv98Jl8BV2AG9myk_xw-wsgAp-genfdytQ42laY_sOy25U7XWuDJ4bMAbt4vrxFSsynGYzVcyeTIy3Cxyn_sKODOVl8fg'),
	(42, 'bea6ef35026ebabe', 'APA91bH3TYO5rGTxa99lcXdCY4lmXbqc8p3heSZhBGPagDC2ZhTgZ16fI14wWyDhXgurAe8TWiNGChFM36fKSUVNaYmnoJbFKvRArA3vEwu0GozQnEgKHaZ1vV-aclidzLE0dlCsv00D'),
	(43, '8686a4c7e73b042b', 'APA91bHPFWxW7GZI7-_CY-imtqFv6xri_LZ0pPZgBwIqksW_Vf5zxbrsDv99Ia07uBWhGIvLfn3y_LaIAqTIR-TZGGCO-bML6abF9qe66CEmV5eDTdLM7ukMleH9v6Wrk0UP-r8L1FZj'),
	(44, '56233881b9be86bd', 'APA91bHRtY3rf-7UyVDz8p1MlVe6PGBlCt9M6tpfnzhxU_Qal_BuhHwFD6pNR3m7Btpw86wRjxHD1DgfLyFuKIusHJ3s8Hyk407UIPu5TWOSkNIK3-sv3YmCkawdHFwA-GlUqFfbyn9t'),
	(45, '5ed1252b3af23d3b', 'APA91bEZhVmg9sOkZQBltbs4RGHPZwjZCykstyHpbUaNauwTGaCo6M4pD1MIKbxLmxlwxuK_yqMVlCWKZ-kSG1IcK6HlZDQ7aQAHzc1E87nSfyPUE_f81RcEJ4YLRb_mIFzvPwS4AvNa'),
	(46, '8b3f97d03595c77a', 'APA91bGCvnzfdWHH22iXWvZ9TSYHfzR7XXyvz4VpvbdDTQRAgolU5uQD-C5IiYzCbDkuZy4qIDvpqWL9xhus9XZazVsKzJ8J_RXm-ukNFo62VMzokd3zFTGcBJt9ayqFQSA44GwIcMQM'),
	(47, '', 'APA91bFisL0ZbszCIy9dKUKPZyWcI5NqJeW92u-L_GHRlAbVnYlD0Teg_bkjeyv46vPJBwDXjeeC51cM1Ipz358P0YdlG9KIJKmsnOeuqOcHfRmjAX8PARj9W7i5hZfNItEE_gIkcnZI'),
	(48, '8940d7aff941c4cd', 'APA91bGHQqAkJMmHe_RmSHXqO9Ey4AB2RsfPUfAhIMURWABJXDMLzslcR_wNuokrk0dRDS9EPv09JpwU76gnM1U6RQLXZmZcJdqOHO7Gz4xGutFLxZovpC9IdsCP9j7CYDDV2ZeixPIw'),
	(49, '49b0dd7be57e9d5', 'APA91bGJ5E76MCyYrxYX-KlBjEI8PUXUDTpNQ2MXUQBPl4koCyT5RXDUYuOnZcaeBbYRSVX7PZJy1oOD8xcjrwlSprhzKKJb3bFw760wtbIWnmDRWDjUxnCy0CZe3-OEBaFWb1N2WB1q'),
	(50, 'c69402c8791c8783', 'APA91bGnwJ-oVRmQi-zjg-gJWVsbZXFJNJyDrtyNnfZF0pedzICo-InjAOvKyu4TCO-i-d0rid7P3fJXnE32vzWo-1hh2XPmBldwfNlRhsCtmnwFXJERxgL8fmz7kcg55UKqlgUdOY8l'),
	(51, '', 'APA91bH325NwGaDJ-ycvKf0B5zxYqguq78dslxKiL1rYtamT_mgfmK0MSNe7NCO-OCcbtq9TBH1tdts2-ObDZOlIBnBABK4oyDtn1-mePr04GFX2bUaMYnkka-0Ze2CD70-QSDmyv39l'),
	(52, '', 'APA91bFnUFlpCuJ9VFFRQV_R8gl6GSRkx64gsdQQ2S56d9YuCoZZLfORTIWyWTFyN4LTXKRXFk3ZuxuCNI5PQu64HlNPwBNHYSIzVnGfGReqF7W_0Q9x1s2Lrl-CbHR_d5ehCFyqHRcs'),
	(53, '75763cd387c2c9a7', 'APA91bH3QoqGp4Xm2_lRD5YriASUy3cHTlG7SfZ16El-gslPiOruqcUIVYw9xUDePCKz7QK9czHKDCJW3AithUbivwxVz1KA0KArlUwAv_EZ4ozV80yoscUo2u-tIaL4j0zYtTK3fQ71'),
	(54, 'ccf4237a5ea18290', 'APA91bHpBo4F4xGt6YFlh_-OpEWm2cTrqOMiCqgk2IFYcaJWRKhMGbrvVQvTSSIfHD57ASF8vC0Fn6NrnmSxsn7ncwetvJ_oe8cbLeFKjBr5gHmZbP-awKtF6LbUr33FK9gmj0AkW2jM'),
	(55, 'bb9fb3ed9cfaeb06', 'APA91bHQjbXMeLGbknrLz4IYJqcc4oGZLvIRDplS5F6NB7gC0YjVubJ0bS7cQwuOxd-RiixaA4yrSV5XtslirwzpMkpEyeLJFWCVbyfJCcddD1raUYes7v4Q8PWPIeFv6wbVVHXNv9SL'),
	(56, '6b195ae7692dcbbb', 'APA91bEjZYOr3vkcJPQtKhceVtI_4Bdstx5GnvzmCEU0TergKKr0FbR9vACxPlK6SjxEEnTbmVqhdcmILPzVElz_31ILGdkSGs67F-1a7NqhrpefuVe4sp2pxJFinIRgbLWUF7yOC2vw'),
	(57, 'afcaf43e84a8c9c2', 'APA91bE9GwlqDd29k1rQ5lquzVToz71UlqjW_AKhr_vOoOLZCsiHaTpuFpdXJ83wtPzwHMckmiZuoDWHaIPPkkI1Wk50_ptqx8n2vTuorz4p5wUY76hLdjLg8nn5--MeIKoHbKldmcnH'),
	(58, 'd02b26f9fc3e521', 'APA91bE0_uBkzKEzD1l9URVIqOHRVulNadzTmEb7S8MkVlK2MTUz9sFFZu6YnVUf-s8kJhchf4DEQFlZbbH0PPD7-P29z-0EQJMY0rWLteMLOkSosFCm0ATMTz-Q_spSqA_Ge9IL-vkY'),
	(59, 'd8d656bde72d9955', 'APA91bEcPdAsNwyrE-AXgACsWNYoEvPW-L2qdJoalV6ewCxh41rc6HIZK0biZV4dF3ZlIv5SAR0pEHrxyAVchz4-x0lTlI8C7-CZmiQqXSPq6QX5OU1Pmaj9cJNC6lc3vVOsUGi2nYDC'),
	(60, '2f34a8fa46d8917c', 'APA91bHUbyVKfIQyypFBbvWSyL8o1jy9OgbBvrZY59X8LrMQIiWq8uNpTOqSitZir0vliGdX75Lcb80hZ6soZriDJYbwN0lwYsl74o3CYt_Bkf95wJMTbJpTwHHTEtgJuWue3NBamNyV'),
	(61, '62eeb62c4c81782a', 'APA91bH8OkM0YYf4ZebFZx4w_Pwq5JN4chYQ-l4nYFZRsKvjWUrPLw_GkIzxW_MBf0FCHEgwyyZ492JHC7hE_-Kz9PuHjeuak-kuUGlro9F-J4lgG3Qi6ejymGjotZOEfjhZRB8lc6we'),
	(62, 'd9607b13fd707c4', 'APA91bHbFIbrrLiTEi-l5MH90zCejQdZPq_Qno-GuLgIJGpBfwASsiRPZls26QCOp6HdjwcLo_WOPq0h48V_G9VLrxrJZBeJycdPu6UHvwElxS0HaUURkDy3CGXktMidlq7Z3xL9ESRh'),
	(63, 'fb5fb69209b3c633', 'APA91bEF8mdR3hBG3io1Ux0lDy0YDuiUIjZRq7JMWpSfRelIW-nw8XA_2kxPBy3Nhn0G6vK463zss6RbnE1_pJptn00f3POsuNHGvn7RcQM0PYcqDhgI6WWjSM3mcBCMDqFbj-ayD90U'),
	(64, '84cebf2caf9526eb', 'APA91bHC31SPhpt9FAOar7eSKBZ1ioV2XrfkAmDv74r6ZrFreGT5iM9RXJgwd3uaTU7EQjVnskfpDIdPi9BuugJmxZxq5T57i4po4tDS6IrXnXIXLSrdtWpOG6-ERK_kaRi7Yj-h62nb'),
	(65, '1c9d57dd8020dc88', 'APA91bGR3R9MLbh3ZtFfO3v_TN5Ah9OvMF4ur1XaL-f2nRsqJ8mPIXezgQxsLCgwApGPBaZHBwb8bjUGvl-4U1e1fUYXaso5R7euwEHCjVQR1FLUs_IwWu4QCYx6wHk1u1QCGckHmv0M'),
	(66, '2c730182876b7d41', 'APA91bFzeeb_9ez-xbjz-jCYajb4VdyK3LLCiC6DAvskM4XPDmHnCznv6YJhI8ZaFBCuwRAbg69TbwoCiIlNKzApY9NzpAmncGkFEI4R7PdakmXObKIPpvInbaqYh_mBmK2ntXzDO0K6'),
	(67, 'e51e21fc9421d070', 'APA91bES0TIRb4Vwuw_jtP-JopJLL84-GTJ4UZzrchpC2DtoQdLGCrbAMyJyUxh6n_MclCJoLnObETVPb1fALBJXy-o29aCmoygUUbyXTR-xqbqeC6u89Hqd9XsW_a4cGEmqQFOJRfxn'),
	(68, 'b6aa3a29df848c2a', 'APA91bEvY78Fq1RbkSwREsx0btMlVA7qxi9oNyWs-Um6_ymf1p0lKz9G2GPYpc36mOsm9Xdu4-dVTdRGuIYNKHzsV9XW_gqhg_bV3iMVHEa4N6mTv_caxsE6c5-ZjZLTIsa2w2nSbSRa'),
	(69, '7b20e1c00d55fa11', ''),
	(70, '29778573d80bc89', 'APA91bEj8mAP8QQDFqUMnVyIRpXYdLI_ixOBNUpCEsm0akTEYrNPt0yBykOIDwIqsUPd34NW6MbibOBUAtIW1U9DLOIswnM81MO_4PdRTOKb4h0KBmuAgbQ8A3mxNvKqH_QLgsO0FjxR'),
	(71, '60aeec81d73d2a64', 'APA91bEiWTqwanpZmqAyIfsX4Gal32mRkjlUGjLyQA2O09BBkEaLA71WN5ticUUQc-O7PNhnOecbAmmufVDLlrWNVS_68WzVuYfp3ierTEDBPDWU8BIciF-Es2NlU4BZWT2Rf6XFbI7F'),
	(72, 'd3adbd866ec782c9', 'APA91bFSc6HxKgF27H-8Illz9jcH3kK3e4Xn1joFoBpMjxGtM54xoYntoZcFKStz4bANLEJosD9r5BU7JNvlnOfLz8-3DYXqxVEVWOXxNSUcJbozmvg-CCG9lLDm18DJoqE6QiHdCYch'),
	(73, '9a2ba8e972c7a452', 'APA91bHgddxbRJjyBtqo3ES4ZQ9i883FwFmzIWYYKRF7II6mYslyoglOtpF0DcWYew7E11eH0Z1FQ4pcCmapok-fNvwS6UDln0rR5oHaWLicdeRpIqC3LoxZRzX61W2C-eriLR1sxQYX'),
	(74, '808f903bf490017a', 'APA91bE2nmi_Qve98m1hHXH-msIO16rCM_FzG0HBQLh_v-413u_fR_auuASRmPMzw3KKqrHW4z6drkrH__gPyp98aiPBlbWVefXpXBxOlwviCHQcw_9onqm5XvEaTxAw8mqwSTUwDPw1'),
	(75, 'ef4a94ed7bda535c', 'APA91bF0AkFZKZSx2LOoh2okHsbQHNnhXLu5Vitq2YPKumvwtaSmg2Mt8S5Buv9jEQe3suJhqNcWUUXVy_EiOSzcjqqotKgKAeXsNZ9tclWOf2eBdNk0EeubasQZ4ox2cRTlFEArhGMP'),
	(76, 'f2eac2175209a38', 'APA91bGq-BlvgHA9ZqqIBWPPX5fFTalLoOSZuSFawoT_epsDI2gRyeenclIdvPYG760hO2du-8iN-ga3rfuiQRJ6WWdJNFAlgoi-wKS4_-VRE1Mpnfp2i2Qu4K8h3dAKI16lH5Os4uIs'),
	(77, '697572bd87a117f5', 'APA91bGIq_n1cZh5RdTWV1Y4kvuaOfBwd4xUkeUEnYqPO_8knEeaMAwgJlEoRN-Ezvz-EXQh64WRQC-lZP-oZVCqJQSmveJlaaCQU4xuWwwPfM1nzBuI_R-iJVuIGYBPdXLvZ6Vav7Y-'),
	(78, '39e56effdd8d0d00', 'APA91bHGq_iRouv1xC7ME2SsxfkOat9TBrqybmCwKU4sMlrkSXdLnhFOTDj1_OqrKvPJCmJyiyGVONo7NKetyQxlKizlNar0CEQ9KchBdUjIzcDcK-8LBFe4Cx-geMFuoFBO8N0sr9H4'),
	(79, 'c27f1ac115ff184f', 'APA91bHd-aOyiG1MZbHnJgzZ5uXbZAjFZyzOD7byp6Xd1jOLdW2WJf1wxuc6EKarU1fAc7PMN5hW5pvj9262oVCShExcO_F5X5Ho5WXUfmvmpUGFKV8lUOCBwnSZ6rSg76VmIqer7urX'),
	(80, '3cbce963a2ee7cdd', 'APA91bE37ljaLij09bADD6GOcOeFK-LGk6W_4Aq_LmeH3FJq-eWw4edktziuEPBfQARmI-4gwNDOAgGh-ie5shmQl8T5UFgDpce7sMljdaStz-u2ux5i93rq1j4ADQy6Cfz0dxX73Lcj'),
	(81, 'd9f5e8266b8f77f0', 'APA91bFCMJ-wLJJbuOnr3Q1fQ8DJcvsbJN4DrHhy-c-_MhXb7DqkSkSywopcxfplBc777m3-4siojmGqoo6X5aJee0CfXo1iy63UqGBNdbqLDu2LFOs-xa_gU455TV8R_9eo9Q6pUuOj'),
	(82, 'ce64c08c9f8a6d1f', 'APA91bEOUT4tpvOF0Oi_xyzq68XcTA38F-fEu7Em5ZXkOgfRlGGj8wjPAtlT_y9yw9jlr8Z9iIctEhiaMv1ILkA4sIKH-cFX0beCsnZ5pqFaCHKeIqp5TeGq1QnuDWP6awPB86GeEzem'),
	(83, '2685565202b29371', ''),
	(84, 'dc78a2315e7c5e9', 'APA91bGAyEm3jU2-eE-KY8Gv7bPhizhh7MMKFJ66BAa1f0aJnwv8BeT6wy61wwoiKtR6N0U8jEd4MMhQ9jVWoy6J16gLN_MCvdJPEiAVksI1YqYLopVbdK6IcF7lfiPo5X_ss2xqB0YB'),
	(85, 'f5f90b6a75be0648', 'APA91bF0UoMWWn_g8bXlUQjcP-bCmsRiqHqiZXShESxjLKfxlfVdODs4aSBDXS6JnV84fUEUVwE-DF1-HmTYj_83y_jVbT5508zEbklerwrhy2siRVnCd55UrKmmVfuJFQwL7Td1kRQB'),
	(86, '2f0575eac38287c8', 'APA91bGk122JHMGunlJGyFinG8hAYJPFnXRt9nrs1fLeNISwLlHOkO67EdsOoGukytQi8F_nTEkikXF48mzBhSjP4-jn2zeuldg3pFQNr3Y4FPvFN9fOVD8jyvUIC8KKNATmW1W6289n'),
	(87, 'e6501a7cb686b028', 'APA91bEY_X00w7RX6ZJbvzauMc2VLjbMXxB2c4q22WyZW1bNUUQqbobX_QmYfKBnzTUJD4fPFQYro_mkUboPLf1inuzuWmAnuHXE_p1Fk3R9tWGwfPfXTKIRnWSLMhJtirxlDhCRdjBn'),
	(88, '79efec645d5a8fa2', 'BLACKLISTED'),
	(89, 'bf0da9df1b0f4c85', 'APA91bEjixTRKsC5qofctvRFtHubD3ZCbRZqyOsfOhzagXlsHkjfXrne7DF5M9oCjildYbTlChm6ybPDB8GhA-lHlQoxnIHI36jvRFuL3lHdrWiYCS95zm2rkw19NnEeVYDVlPjKK2k6'),
	(90, '347685eb81cd083c', 'APA91bEYdt8QjLBzzVZ_bfdiX9EEjY34cRrD8XelfdsUnpblQKCB2LohSuvW5DvAhomX622QvdfYpXWLgOn6g0NNbY38VZO2jH5Ioozqjrf1Smi4h8W8qyETtNePRWpjR9pu7wKjavSV'),
	(91, '19b8b9b9d4522a92', 'APA91bGTwMoKrZRcl1kTtwua9RB803AHGJNkAcsmq9G2kxyoU6LFurR_MKp7JcwL22ycgFBXVkJJ-QKm9joA1wgjiAJjIIDQlvRRh4Eu4N8kfcDPyqIZNlbmaYOM_4aMvzhlosltGwnB'),
	(92, 'a2524f51abbd71b8', 'APA91bHOB21oT4UoSHaSGYTaFvPr2ii4lF3Ukmj5IwLcBaqFr6Ff0lHG0bE3mD458gjd1PrW9WPQFvkwr7zmoBaoHB7NRd4cZy9JsEiZt5aQ4CDCEEKHInDW6tsUMgQLVAjHtKbFcPsF'),
	(93, '91722e2619bd3d0a', 'APA91bGQveZP-4dyi4DgI4Nd530M-JWBpgf-HHOWglQbThuIazxvJziIX6L4vXMBOZeBTvy5IMXtgDD-ys0N3RhouTg_ZeWEv9xrF8MCP4YrJmdIx0HIJp6dO5Q__NtBHpLJqrjMHfTh'),
	(94, '21941d9fd727ebd3', 'APA91bFZ1irN63czSl1AXFgkAvwfqC_K9W2zqYI-cUQEDHX4MuU32biSp0vaF8i3hKFtvYzwqDIkenCu0KYTS8MMFEf9rcCbMzuczzLdZ9WDU3AK4j_il9PItS5YHOB4Qi5Xt3hi5edL'),
	(95, '366c58dafe5e168c', 'APA91bGJHtFa4UySR-JWV1C0X5J38u8Z5CPQQ4__BWA4EfDlnu-z6JsRsTnex_MpIuE1BHfXrsvx8lWRSvqpOa2q4dPepfyrSe0HxeK039E-R7m_9e3fAvfu0wYNhJzJeoQUans74y6d'),
	(96, '6778aeafb78a28c8', 'APA91bGe1alIqSr-UjUzehJ9U7d9WFPwFj0qo4_WTTJLV7yEmrZG-EPWpZFHSAY4Ds9IXc7CJC-_EwTQt0ctAwld7SKjlluB_tvg0vXuN95V68VfS216N-ONcDulM_szT3gIoO7_SlzI'),
	(97, 'caabd2e94f7eef0a', 'BLACKLISTED'),
	(98, '81fe91686b158517', 'APA91bGaVA38sQ6Dv-xh1l9gm_9Q0wpiTbFk987JJnv190fKY_OVjjp4YdKr2JaauW6ZsZqXLhCDWCiqNFKuzZCcl-yaCP4Z8rWFv_IyFJz4ZXM24gmVmY_ajFWfzv4b9OFegYdv1GLR'),
	(99, 'e9d74a4f002a419e', 'APA91bH9qU6ZLUym7BMGouZP28FicZPuZWISp1psqUyAIZ-X_pDUgvuJvoDJjDarWtL9B6sQH4A9UoXA3DCSqwP_ykeXWRa49KmnXBU2Kz79oHzflMWn0Qqbe4fRQ9vhqVhUxpLvCehR'),
	(100, '31ff244f14da99b3', 'APA91bG8TMVO2zr5rPhydJZpEr87F-TeRvgUYuQkVAI9mE9RRNjqMBCEQFUEe4m9iK08_IZiZMSqILRXFuRZKYNQb4B04StaQmm0TO638ktzS_RpTVzBQKZ2LvzuzrscuHk6Is2tjesY'),
	(101, 'cb32a93c744d6118', 'APA91bFprncnMEIKWFxxEozUc41UoTNbvHUEQoHpdlwIk8mIeFgTFPiwj4vqdIrdjm9_hDNvM7IQxAgoOMsp2pV2BjpbNdOBHzBuzYGWfiZOFqZ_p6Jld5fbQY0XvQmWF2I4MHlzahXB'),
	(102, '', 'APA91bH9qU6ZLUym7BMGouZP28FicZPuZWISp1psqUyAIZ-X_pDUgvuJvoDJjDarWtL9B6sQH4A9UoXA3DCSqwP_ykeXWRa49KmnXBU2Kz79oHzflMWn0Qqbe4fRQ9vhqVhUxpLvCehR'),
	(103, '9af45bd0667aa2e8', 'APA91bEdCWGa_aveQ3EJN2iwhsAxPW2WWqNHqRVRERKkJkOo5dHNO-UYpKiJ8nV-KJsrtF0zPYdkkwqnYn8C-1qyyQrGR9mihaqnfCMu58N5XqT0gkTp_5Ravfk8WKtVHBpac2gmmh15'),
	(104, '36b715a1278e91a5', 'APA91bGfmZCTD-TqMsKxAEYn32DSNG51DGJ3O92RQLtZ5DVMfwhn342XGV5euexQpxbe1mRbk7elocmmQpHDlZWmF4NOVZZof2aoifnsqQ9qvk3tyONEpZ7rnAv9BnGaBkhlVU6okv6K'),
	(105, 'da8c7125254c2d2d', 'APA91bG7_XpKYi-MPcw4g-25dG3wZnocspxQo_SsIWI0PPD6dnRzPOnrwuCh4AS75wweIXBAvRU8C7pg6aCpROyHWLmZaFvO7x4wbf9xIjcY2eKJmaZWGRbyCFvKlUnyCProt_PxroSf'),
	(106, '48371f2544489c98', 'APA91bFPb8_YHZBgiLNYjGZUEEec59dfs4Xbxnt510byrDYSQ0toJDDuUWqDS37E1jEIJOyZPXnss51_4WuLWfPdH2pqhL8OxECQKNCTEuMVhaGVvHC4fOVUubFbfpacNqdSMDiaHaXK'),
	(107, '84f134241e876d4e', 'APA91bHyxwSJcNNm43lA7P5me54I4YOEEanqXLLuLaI0WsK2oU4f0AtnPbPazc3grSuVQ_3X5xcBZ2Yniroam5af1Le2Uf1OECRhtDtj5XhssAJu0Up95HDAnL3gaQNE7BU_IoLYpZGz'),
	(108, '4c22d391bf9cd884', 'APA91bGwtr_nx1vXMM4aQ2Ion3T9ZTMjnDPX6_aPsMAwj0AlL0p9xfA9uW9DNKPv5EqafhAYC0zTYYc5SxW_f9drEmDF2yF3khpV1jAJUEnD9qLZkZLul0KgiCWV4MSnykgUzUbhGmpt'),
	(109, '646a3d0f12131cd7', 'APA91bE9d4LvZzNgOoNCelC56Wf8Y4mO9pqZ3gI4XXcU4-KtTMYSKqpp_DGYWDIGlThbJK6n31z1mJgcOGpMB_aC9rEIcVM1zxetNkZpNYdKfD5qSgKo6scRLlgjWGzwkLxioJNjpSjJ'),
	(110, '765c5e054136bb36', 'APA91bE65mzrsOHVtJGlS9aqIzTS1erYUuR4F0UuLOjHo42XFguxnE0WYjJWPBXBTN02t7SgW0d9yOGBApy1-1shjACVc2aL3wX55TonFhegm5Mmb0Pn4c5dYLD8AU5D2nnFN5azh2Ra'),
	(111, '4f37e6e4b0c6495f', 'APA91bGaHAPPmYKRej9EXHexezWeKgscY5NviBoiBH0uBcAiwybPTxodYjYXDRM8C4gjnKTq0mcEcDK6kB_oRiD9EDnszPVfNXhU9vh5z8KXHgYVvOUIdPAcQKW7UcacjLL023JHj1Dr'),
	(112, 'da9e5caaf5be934d', 'APA91bER6tKurS2t_RniUX-FvgcumtX_DELoXyY-PcZNHaIqLmPbMJw7Wdi_FAH-p_JtUDeNYNEmeHruA_O4VpSHvEVsPAsh2rkAmInkx2xcpL1qjwWMFsANXArUYI1eBJ0YdRdvAOcp'),
	(113, 'dd9ebd7ca63a89b5', 'BLACKLISTED'),
	(114, 'abfb76f749ce9e87', 'APA91bHKKQd4MWm13uhQYN1bE_zju6qORBFu8ELIlb0MyS3LfkzG2daJPiva9LxrQbqjoyAapwEdaU9KG5IWeHd04JAZqdJvCnJK0kRVDwomdSwlQYi_pQkdozsYggK0sOEGM2xJVkFa'),
	(115, '463e3deee335e8ec', 'APA91bE8ENkb4dNhPv6lQrEyifXOz0xnuOpntUP21S1MekNi0uHB_AWe4Ry3AclcxsYhN7ZnA0OWU7iEQCAi4nrbotQ6CeuMU_43YWVPbnf2kTxinXmX80oUOT9bQC_qpwXZjm91qOrN'),
	(116, '9bf50348f1567869', 'APA91bEPXxUZ7J2SHiMbvy5J75qG5PlAjBzJvznfIRjHMQgSK9IqFnLkXKn7d04Ra2TVW3HtiXlJaAlXmY9HmGOGawmQOXIkiMrgmTHE7N-eW9PNLcLZmVMdMg2h3m5SJkDYs81lmcmh'),
	(117, '50d5bd24cbcd6fb9', 'APA91bGecwFfEkmUoSKuY2cxoNHoXwZWkLEDMXqP5YgEsH3qrxjZtj-iW1mDcYaIslNmg_IL9OQ5cFn9gT9Iez5wFwHyUos9-gvO1Kg2_pJ6vxoyZXNFRpLGJJpSG9G35d8eGcdnSfmv'),
	(118, '9c793a2bbf194b6a', 'APA91bEwMBBG9gOuVOMGiyoMYz7nV7Z4edO8DbtEUBNlRY-elZzgQvMhxsFDfsu0hxuBiQ08l24q5FmVJxxpBgoPsGgehvu0KkkXcsUol0DpD03Rjyj7jRkun1H0w-m9F46KS_CGEGRa'),
	(119, '7a3cdba48fdb3fea', ''),
	(120, '198c00d9e4a4b129', 'APA91bE45Y9KetYSZWb1u47U2gN4CWlftDk1eKjPiil-DzLxoc4fFK9x_tGOZWu0NXQz8Q6-7VwyIke7SvBLVy3me2CGbQZ4ZNQ6GRc5IH0S39lwIw9afI_1KywzbvRTgOxTPB2Soww5'),
	(121, 'df14fffa12ce5c1', 'APA91bGRbt-AHuI6DIIl_6r8rT8CsEucR6z_6ka2CkP1S1vqiNmG7MU9qdycuF-kw0JIqLxvfPOESXOxvhDQ9MuT97o9D2TkP09c3hDd6P5yXSqVJje6Km0a4MGlCGq2KiU1Jbj8d7Ep'),
	(122, 'b12ffb101420461b', 'APA91bF5hzhSr4K93k4PmFXEst4C7SZUgf8bNHLWX5KixXroLZ39d9u52xZL5UvvhZzWY3aSjowlp5I5jjMuIXtdaqpSiPeoi6uyijLTF5b9hlH03qkdS1hfAiwrBHMn_bvJN5N0XgsU'),
	(123, '87e55441b6ebd300', ''),
	(124, '95a2cdce78f082b5', 'APA91bGhbOiW92MNUJ-1-MkFCUISpnb1Aj-p3Khy_2OpnwKxjm9iBfxbGjvnIAfNmuBmyh0fmH0E_e9DUhXNaxpaV-GM_lt8XcmQDdcv5EWQEPnY_ud7lN--zWp8zb17-Dp59D1wAGHi'),
	(125, '4e76e44dfa18f4da', 'APA91bGxFjE1oUIuMetwJK_CaeXZ0J-sFYAdXc8Z1mIQiWKMikpkYSc8GXQtVX5lbOfRlNx0Yn19FgLQMlDPi4g656tskqLk0jTzbCHcxZ2m9huVgukfTFP1BNg3ENuatNOYBNJdvwqs'),
	(126, 'e7e5e59eecabe13', 'APA91bEZfqo2g2VY_LHdEPAKeBsPmvAX_MrlzPv2wGT-i_DYEodzAAJRt_ldxq0jFnNTIZJQerkl4y9uMc5AUlNs7MvKvus5yS8rEmB7z9gq6LdnvnNOHQ8g8bDRvGgmQzb7vPGEPBLh'),
	(127, '1f67144adbf021fc', 'APA91bGOSwtEU9U7NSPvv_uUxsyvkdBFwbW7g62N-z2Ho2VLo26-KwRdUscjCVT1s7gbrKVYlUlAfuVS3qUEGuwo_kuVhy0mEPCJVRnatO_pepiT6vCJ07a2QorBvktiCfT4Ix7v1BDz'),
	(128, '52b6809458ac361a', 'APA91bEqlq9U2_RTRpC2BJgOT835e3cd78Exbtp_phN-dEa0D9Qmm55sM-c3Oqzryv96kdrM2EXFBVqWQqWghjcKhu6ueegKw33VQ9otNpBjyY0vrPN_DTGBodzW1isdILB89NsyiH2H'),
	(129, 'cbf63f9537d19b12', 'APA91bGCAuTBbAOrU_QqjWMvQOFUuTs4Wxset3rRzKbqb1kcO7nEBJGI_7JLkpg_iXP4BlUicZzXLyigP89iNgt6LjnCJmDvUh33ntMLpMhuuVttKBwjtxBtCg_1jj7xI55ruaWzOcGk'),
	(130, 'd359811b80dbac78', 'APA91bGR2rPZNAKL_4j9KQxZahdfwaUv0_Zu4qwVld6j8J3I9XE9VdRMjNBPC5eaUFv4vqUgL_KndeTIp0_MZ34JzdyPzqdGUxLjwlLTaafSqs7nsDvQkT11t56WT5YEfp1qcaMj4SPS'),
	(131, '94cb51ef8a746cb3', 'APA91bEcpJJm50KlmLuAXv-F_SkYfjDowbiOpEf6oKhwM_jag7TIdSHvbHBAPOISkxpxBC-LLwYko7v9y2YS2aRcQhTX4fmukq3mWA5hJm3PHhazBCq2D33l3M5zd48ViqTABYlJcFT7'),
	(132, '8ec4bf591fe77243', 'APA91bFKMJhTTeUKSH8ss7qJR_ZfQ7dBvnrPRUWerJjWgUvBtswJa2l7wJV5P_yz_aTJNoC1NfJGwjA5HPbAij8q9uzyxZ4pGNryU5wQIgYdCkBlmhKp8262eWaPNUE9LdW7cDJywyWc'),
	(133, '82e3e48dbf14b9b1', 'APA91bH7B2w7mq1pPoxR4BQ8YAhrM4w-HHR_nAzdGMdXB4HGqeXQ-LN5hF2AbVha2HrLckfpl582qcHGyY42EvkKMcasH-QUaMp1-MEqyii2GOoEQi8fzX66IS3CGmLirkJ4ybrNlfc8'),
	(134, '569b8820612fc35b', 'APA91bGmFMflamU34DCSPv9SHGX2OOXNoRwAPnPEjuC_z9XTcn39ZPSzVAN6-uf67Cf0qu-5K1nKtztLBR-0grL8Fk9WVMtSZHVZWoSjYTIPz60206NRP40bbXZMRNxah6o85C91IFB5'),
	(135, '5897268cd3ebad8c', 'APA91bHOpjdaJ37h6fVCUU8tYIDGLqEiefh2ASfeACEJpkdkmMNcNLyCciBorJwtHj0YNif3SgI8LPM-8deP1K3n5zEq15hgserLLTxRfmGlb7mTIZuy0rDk6FZwmFChmfPBPzyjCOyQ'),
	(136, 'ad3ac49f1543710b', 'APA91bHNwKtq1VuhoYkWpmQQPDNwGI1slbwWUdXBuBNPv-hSrVD4ZZq6X5TiqSKdNzwwcP-xoeOzlJEnLbf_zrJ0VsEiJKDAme9j7y9-dEG3a6PfclTt4jc3sFwf3lYhrQCHvuFnszpQ'),
	(137, 'd2371b75b529a271', 'APA91bGefyDMDUX852PmrMghWb6iXZqRl5tIAbEi7wnIP4GY_4xznOCZrnAvzCvugUVdz0z95RHCuGISpnu9G4-WKBjrbtYucuvEkSHax2tZDc6SBqwElCKpPGhl91UlwDsVtukGDtkE'),
	(138, '211ba592ee5079f6', ''),
	(139, 'da81e450c2429fef', 'APA91bHZu5RKCoCjr_ApUy-7Mo9uzbc6SmsBynnFlD1m6L1ppCVZM94gZgmfVNb0qTn8_kWeZXCEv7ViasNBtvzSE0mlWKBGu2OUf1IPlZgeF7hOMh_QCagdlSUHfreR8YAz6kf9UH16'),
	(140, '838fc8e55a584c90', 'BLACKLISTED'),
	(141, '975d5d8785347a56', 'BLACKLISTED'),
	(142, 'ca7ca84cb0526b24', 'BLACKLISTED'),
	(143, '35dbd66eca5d027d', 'APA91bFhN_H8iUOSADtQVWzZKSIvJuEdwkRtQ4VuYqLJS0cCe_gIVYdipHGMCKwYIKUOKV1GJ9oHZdXhBqX0GHpqbRB1QbQGZt-88ka2XZUNa7MbFJHXaoBg7mzttbGNzmyLGNzg5mGR'),
	(144, '2890f8d2cf5bb270', 'BLACKLISTED'),
	(145, '88897d591ffd1cc9', 'APA91bGdb07R85ThL07_QUDDuia9lg4GOD-ldjwZBXGbHl5_lJCsSojl5O6GPZEWp_VGn3s8U-nz6Y4eJsWWy6M6EvE6wbxRs5VDfYnITIZSDrmHOEtr-BNxEE3jlgme29TR2-8CFQ9r'),
	(146, 'dda0d9a216081cc6', 'APA91bEfgbZSrQxHW6k2aWpahE7SFHKmLdwUU4EelHX2zigPCtTb29VyfTh4VYPwjzss2t-5JVUdm1ipU4KQzE-Wcm9JV5CET56-VHIvLcsfAHsrpY1tBQxOjVtm-r38OPm07c9Fu4rI'),
	(147, 'affa0973f65c4529', 'APA91bFd6QR7OKkPrWLVP8R6p2jffAFL7IGOR59bikz7a7_Bcut67F3Cb7XoKGRMBcsbOmJxRkaWKIxJCGIUaYeS6cOAN4M2ldAEhAJmM5eaKtW-Sms5b7DAPvg8aQ1Y9C4gOWrw_--n'),
	(148, 'cd9337ac33f2669', 'APA91bEOS8Zg_idtkU1VSQlbzSuXQPlsgXgKG5rJWMTijUH5Si9nbQ6BIM7kS4Msn6q-xo7OyxOLxS65R9K_rqhilA8M0yBh51ZZqc9NAUCl5J7SqIw6BVL-Qipd0jhEJ9DGT1L1-I0Y'),
	(149, 'ee65cd18d584bb10', 'APA91bFSK66fsm62j8wFb3EB4PMD_3fWe0SToqWSrd2JdPnMP6N0E_pRXgu8roBwnL0ERRLtvwjo18JoFmS5_JvuLmGfXXRKV2r7rmCmWSL-AfbJcuhtzTDvcMyElQ6UW96iZAGI4m5w'),
	(150, 'fd6098ed23e63186', 'APA91bHimMqE7lC9P9_Jjcgz4tcMITuxCXB6X0p3sxQaOz8ukIvre-6OJ8vZ9sh6Py7zxSa3qRTEtGamUulnZc6V1Ld4PXIOpHCPd7hwT8azYBoPsil_A-56qMUbIysgHUUe6wQOq8OM'),
	(151, '63ad168951062e69', 'APA91bGc5YzwVElXANODibur8glIotf8ZSiVORImyFPJZqDMxQNFeUVCt2YdE4dwrMF8ZxySKoGDws3B6Xsi7QNPXZzUON01t-vNGC4T7HIpcSJ1EpJpVUXEZTmxVmiOeH_PQ5V7XavE'),
	(152, '2a8985cc056ca', 'APA91bFY5QO0JlREuKMkuiVpQlZv5GgMzXCqih-VLGzpBjNpRu6cETR-VmKVujAfM1GnmodbMlyQIH5c4FBMArUaI4-30xPVmegYttnigWqwgNVn20ulsqo4I8m5DaHUzdLPpba46eoP'),
	(153, '7b2db11be0736170', 'APA91bHtxchYlyf7a83rwkPzDXbV_Gntu5YjHuvjJrsQKAImWV1FmdvI9MtRH05sgtFi-wB1B7P4k4duyIoXWaM8sW9AF2dHzEKSxdNv1X4pCvwf9Ro7LwX3f9CSKrTL2sGVs7s1pCBf'),
	(154, '7f7aeb4182818f58', 'APA91bFnTlYbt_bLKaK79af73QIt_gZtroe02kGNDJyrxCo5E13ZEVI-wsFmqm7sO0gpKoQI6zfI1MwlofksoYTWqv2oteUAVU7LKBz8AQLBnNW30yf7uMGIrj16u5kp0dLnh81sVeu5'),
	(155, 'df8e7dcfa8f6e42', 'APA91bFpTJS6mfyXxw4kfqUVVCBJhXLTTCs0srcqDKmd7PrAh61mSV7dd7LKNZvsQKR-4UxJwM72w5qmBTdg3nwGr33TiKb4xraxoppjXXz0BXqUdlolnipZoiM4mK8igJfx4P_-3__T'),
	(156, '2e09ad490aa991', 'APA91bHKsOXj56SbGvf0UkzZP8CinRE60cq2BIinAxgh6O7KKb-YHCB2Mcj3rPp-v4It4BNIMdKtKU9gJ6skZ158Eel8ZYXQO9zYJtsgttVfiMv-KB2xT9AqsSVr8qMf0Py3zb_Sa0fN'),
	(157, '9c1a6b1aa01c545a', 'APA91bEeIwE26t4PWEXlRIq9hk-IcJ4rtqtEXmL1K7Igp_ETr31u7hDy9PaPfEyLSQvLzdw8il1j-zCIU2z3_SeXRkhIMoaRf_89KS3XDuMSeAbMHOHRiYBT_huIWCaw7yojqdb8yv_U'),
	(158, 'f1c55c879fa6b487', 'APA91bGQPSsoTa6M5FU4HJm9nn4wzKwiv04mrQfV97H9FFSUyfkPWmXW80q8gCOkddx4DSdWtEmADbCUBk8bpLH5nP_tJWrczmA3NxjbsunitQnB1XbKcw-3xCOqw_OXXjdrjdOaQDCF'),
	(159, 'a420108be1e89a77', 'APA91bF9-n72U9VhRJxuZpLTk54Ts9T81c3aWNG8GVaOQv4bwGYSvPbaHhVEiJzlIDZstxG6VavIss8nB35Q52Ji1afCYNIjJwimd3uO-vQqQab2GMcA0iqt0GfwXrjoTjw9y4dtsj55'),
	(160, 'a442c8ef118dd812', 'APA91bHPYi-DEzhoy0F-vZamaZmi0JzSGVwaILWkxUDYAcCsxJEECd1gkgv6laLfCABA-E368snWVEkJ4aPjN7uOORcmRRH2PafzgBIV4iD8Zypd2FBZ1i6I_lcUo9kDVBQbos_cUT6p'),
	(161, 'd3f907c9e22d1075', 'APA91bGlCi2NxJGXqRlcSaqiRjS4m-7T9OhgsTQTorkfsno74cYkR0zehZU2EqiPQmKg-4RqfDgtp5w1QJ7VOGi9ZJgKZDoF91AlJow7HKyFEA7n7lCT3Bp2aojeEQ9bRptVJyr_nAUJ'),
	(162, 'fc6793cb7ac80472', 'APA91bFwxxgMyYBLITstP2TTFj3iRcAIZeYwtpHM4giQfMnEi1eyeHQEddzeZQtINQoWlURoXZb-hp2_ffm-8xjIlbVuNYyQbS1IhNWFXTVl2RKp2pA1po7r_N7zpCh9W7swuvgSJrnf'),
	(163, 'b5d3cbfda7fb1178', 'APA91bGLEsOJWVg-kJXnn1G8DszMSo77L74AcynfpiRVry0ksmVWX6FDNnt4uAyGzdissZDVvDhFDjw5c_QmmmkJ4ZHLuJXMKqNK6EgnMbJJQgBmVEszS3QW16HJJgx-N-2YHzHaL7ZI'),
	(164, '1b054244ea6274a2', 'APA91bEaTIkuyIXU7YpA4JRcEFlViS53vlo712PR3xSDnq7JHoomNjCLcvkKCeVGNM6NJaxbTM6zv6J66IU18EEkfhl841h9IJWMrz02d3orSr4tZBxg5hSSXGA0iPsy_8aBaXMrxRK5'),
	(165, '997519e49d28f9b5', 'APA91bHf6Cp8hsmR_AdeD5lpOTNxmDp8zfJDbwJ_dttXZTVfWOAzK1hUdL73LZKjeUsBLGO0TJ9wWtI6atd5M3aK7VRC99cSxfarsuG4Xrrz15O3PB0nN7NPPucf5eeoBj4Wn-wNSfdE'),
	(166, 'b8d699e51370aed2', 'APA91bGXijqkJjUFrslK_d9MOXRf58KmIMJekcKDjXi17g88imULNjuhTaIoVt3BfF4MHe5vZin4NXF3MmosBdyVqvs1nfge6HC4jjXEjPxRb0Q95gi_gOR01T8v03Er-_9IRGcubik2'),
	(167, '', 'APA91bFLpP-VxerAY6qJa5P3MhXl6smFNGHEdnYdjRENgFfR8AF-ZdtsHrSDcTYNZ0bCR2WcnjGd2YBqftDDZqjmduY_IxZGWnZpu0RO9gSG9VxOOjUV9MVF7kflpvWxWl_60f9NNvde'),
	(168, '4d8db76da9510dd2', 'APA91bEIsRaqD8RPdK8RxrLgkhlXOtMAaj6zcXmRd7MZ04-EzHIfG5V-vVkGVCUECJ2tbNRuLhJh-yQ_qzhmbPZZzyeelvjMKq86IHZJvYmoAHA_coa76MrlbIX9Wsj6gYrQ2pJDZIKp'),
	(169, '7cbc30c60044846c', 'APA91bH-d3xp5p5jMWi-vtWuv7UmLAZF4suGsQ93VCpMCND9-j2P7fr-IdvTWAvfL8Vs1Exq3O1c2HFBS6KcFQ0pXBizhvc6K_YQblZhGG10Dd3yYiY5NC-sYKGIuukONGcaHamjuxDk'),
	(170, 'f7eb73a32517557c', 'APA91bHQXSBsbxnZxQklM5Ye4eRz3HvUcFlAZo91o-D_FwHvCEvdYru123Pzxj4NshSiamnTbaICEOIDk-wEzggPndtTu4HuW_I1lWznWku6AY4gsAvpZPwzkgxJj9gsTUgEg9fRkErg'),
	(171, '', 'APA91bEYYOyPeqpMdijICX635nT3VtyLTIgspxJYrBHht3YuJ0vx3GjR-qNQb0OZxrVrvMnEbyiwCiDa5G0gXKex8zMenDkX60RX8UwCJz4Tf4RP29ZMGILc2jlBtGVk47TWy2hVQwlU'),
	(172, 'a46b7412c7d2e6e8', 'APA91bFFAiJP7FFNr-sgb-Fn6ddj9n4yoRDfwBnPIQwmztSHMgv72HOTDO4UyZQSbK77po-MZYM0QXnRtMowVjk3oW8_3h0g4CWZm4dzpl2XcaLc6eiVsX4mwjq30pH1Vql7ZOcuQaYG'),
	(173, 'e81546ffea762055', 'APA91bH3Au0JWvGyuVILHFJ9ukR1eUwblXv4PJu_Mhh93aGIwi1g7HshRCAzYYVKasWDsMVAyUrnhX2AW31FR5My0FPRC07SxFvjI317HCc7Z78VVWFaX_pnMBqDwYWzIljkwbgYVLp-'),
	(174, 'dbad66b1358edfa7', 'APA91bGvwpChMIGoRPqvkbhoTyqYLYrDN7HS8dteXKQsoWyhFLjHE3P6HVILqOT5X-3FTL6uXPWOP7C0_IsC0iTbJCwcYndc9atBvSU1u96BAugeQe3zplIZbksAGe0skx3xjOCLk9ky'),
	(175, 'e6e24a5739920e4f', 'APA91bE_-Jtep46agJ-4YIblVanesyR7YQf-0s1h-QsMMCrWQ5rQEkmGssd_pkCcRcyeFPtwy2kEaK60o7izeOwbGTv25fMk8UYwnqMdatMRM1s0qROsEEZrGm_vf8RAlVg_yPsS8OFt'),
	(176, '', 'APA91bF0UoMWWn_g8bXlUQjcP-bCmsRiqHqiZXShESxjLKfxlfVdODs4aSBDXS6JnV84fUEUVwE-DF1-HmTYj_83y_jVbT5508zEbklerwrhy2siRVnCd55UrKmmVfuJFQwL7Td1kRQB'),
	(177, '5dbaccc3e2cccf53', 'APA91bFL4nUfSbHQs1ZREh8SQZYox_mP2YOhcKTpfjmDcWfp1GS8C9InvIFElyj5m0UoM1D04MauFmzlHZp0VcemMucUmnf-zNxgB931KC-i6e2uWt5J6eRJvqpxUsnharxnc88Ybii9'),
	(178, 'bf24bf346c038b', 'APA91bH-Da8YwVxVLbB_yoxHcE8iDp_qCu1dHAQGf0tJk9ELoQtnaWcb1a2QBfc3nI0Tq7bpf6V-hP8cGx9Bi0wJMIZwNWp9Qgbc_V9_TAuD4rxNkkW6nP5Qu991sQ5teFgP7ED-F1gW'),
	(179, '6f337395003cd62a', 'APA91bGjouCHRiEzsGw2NmzwarZZbILts6fy8-vJA0xLNTGKzdnP86MXWxnv8G17HcB7kd612U0wIVmSezzb2Ra8VU7cMPZsfdtOwc38pEfmgqDCP6hSNdmYv7AY1xxc6fL4Q0ViC9Ud'),
	(180, 'f5c74bc852450e32', 'BLACKLISTED'),
	(181, '02a68f246f8c2adb', 'BLACKLISTED'),
	(182, '79cf7cdfd83f8eb8', 'APA91bHJWvunLvTNiuFz7ruB47gz-oiZtkQoFsi8VPVEEJmMudA_rKOM4ZYS2s0DgGYNkG209ijdrEeVTagaw1jI42KujXPxo7XXzdoNY12L5MZDQYBifLIsF0VTIHe-YgUyvi4HC1El'),
	(183, 'adb4a9f864d68ab5', 'APA91bGMdBD21D9SnAeFKjNvM1Z_ESc6bKx2wAi6ViZLZmBtzZj47ZrNSLEQaibHzjIlyWEME9DnFmgY3MeDd9QzD3Uwx1OygKB3gthswsOLry-qLtbTSe6Tnc1MIFSM5tTyqeRRW4i_'),
	(184, '62bdf355c14efcd', 'APA91bHZ3uzuypSOhCoujJqyfORih865J9y65WMIf5o48ZBoRalEHfdh7kIjIeErjAZ5V0VlEfwIDMUgwQa2Ei5fYCc4ZrCtGGZ4QpJB03DMSIk2zk8K6Cm6_3Uxy_HV4hJ78YIa4j_e'),
	(185, '8da01acebf199d4c', 'APA91bGteSsXplkSdDPA3oKfISsylcQjRWC-djUqGESVyHsEysyADL0ZuOHtgI70lRBsAt9LjX8GO6LWW2qtcfG4Ob0HKXEev5-gaOweBAD2MymFSfZ_ESKGXLlf6xQRFAxmqHm3j-Th'),
	(186, 'cf89022b231674d8', 'APA91bGrHEQm91043Drd-m5untR9WsnrM6ju0c9yKXt5jCAP7W4Oh2BJ5AhrDPULjSTx6CLbYUwoljl9UukNNYwp9R24QL9TcBOACW8L4OtiUbNqntotFQhmUD93ez8k6872rFS-wHRu'),
	(187, '59577ea0b3c9e05c', 'APA91bEUPjsDKt_0qM6zUw6MvzWe_QZKTG1dSpTeqIMqlUXgXOO-JZUQP_8PflUHSy1S3fohuSFRzXND9EJCuQeSqPn_-NBuUgAaIXd53olsaMVJV9DITlwhR2ceW4qA7DPYH5YAJuH1'),
	(188, '8db370c637835cf0', 'APA91bF1dh-zCWvFnYUYyk8U9gKFNBHNqyCfZBNphR9kAc5mO0tMBW6NbdG9zdDBwgxbZ5kgT5h1gAFrqP8cXKy7_V_JnB_qs1o1C1TUKljTMgh36t5F-Moy1z8o2PRUtFG5nTPH-KD3'),
	(189, '97739f3d82758e11', 'BLACKLISTED'),
	(190, '4d465b66a0a46e56', 'APA91bGIK_y5tpvhUPNs4TBPLngOVB1abrpP1aa2d8ZDZy8NYQgovvCQIlF7hDyJIcXQZZGlvo9CSRD1Q3ih_tm1RBuTAuzP8R8wp33WGtF31yjirDA0e1Z_GMUhvcF99plxwFFLu8t4'),
	(191, 'e3a2312293285218', 'APA91bFWJ7YMYlLQ_9hdO0HgLMWzOnghZbcfmqklLeppglZn0beN_n-kyzZpWUr1bwFs-HhQ1qPN8NX-DXS4kMB8prUiX-jQtMWXcSvoXe7FrlPBuuCXRzmcI1zBe9dUiQQBluLsisp-'),
	(192, '2dcef5cd31e8abe1', 'APA91bFhBogrrPpnbqmSBBs172Rb3QZb6USgwuwhSZp4DppB4gjFYdxAjkxIUT66Z9fcHal9BhIxhoFuFJF98UzcX6bIM1BZwuLEp5lF_D17RUBm7fKfjFoFB058alm2CZO2Cz7VPgOO'),
	(193, 'e7f4e2ed1fcbb74c', 'APA91bEeXDFclCET3IASGBZtv2hP5zuK7G1StCDlDZdT6u5rF-_TDuU4hnXXMQzVzy2RsJj_Q6qvZdX5vSCjgENVVViINT4BYets32BopGKGiB7VqgSHqpP50F_XeBed691E5wOO7GlM'),
	(194, 'bd9fefdfd5cf6da5', 'APA91bEMM6RdZMPMFTosb9dDFemfyhksH-J2oFpHQN_A7dsGfXL-fkQnsPvOzMq5VsQ8p6ghkvx_xW8i0keS-2ue-Gi5n4IllcVz_3jVZxJN9_QeqMlKfBK7yXzobMap3qGemyrpoxyG'),
	(195, '337c0aa2456ca92e', 'APA91bG9oKvAdIlzTxMXfqROgYHzEIz11kWRpuSO2-goZi6w0myWifuWslqNEPINNkruoaE-3tkPbSi-Sh5VgnTyIkhS_SDsYc3IcsPRyAvFkXfN5mp6x6kbNpPLimjMrxjH5nSpTVVF'),
	(196, '', 'APA91bGZG-N8chTOkvAq-6ohcfBJru-7_Jm1Y9PbV-4osZukbVc_HgiXV5ALOxFOuLzPGB8m7vTR0_IQDHy80ve5ZZpOc4QEuQye3vH_aW3cNML-Nmp8bQDES-KdJ3BzVmlnRsdeLUeT'),
	(197, '115a8eb6d83b054a', 'APA91bFfNQjg-bCWuqbgrN3h1RAot_zCPh2y1s1UKcUhH_K14dmY6dlpygI5cQYUQ5OXoekf28bO2kz_1CCmP-6uIamRZ3ENPUYfOoaHzVRwIA16EZCzXBIm1VTh6GhIVs3w2MHFYqxt'),
	(198, '', 'APA91bER15cR-0wLjBtgtmgbCqU1pZdi1EwzqTWJxt4p-snMczpea1cM6o0lEoM0x94lsrNu0XShx_rd0B_C6cejLCNDgIm0N1LDX4wmdYsV5ipcSbT2ITc-RF0drFd1h99OgOtcfbJG'),
	(199, 'b9a0ad4a337fa27b', 'APA91bED3yzwRpGb8hPDjOaoHHqekpTltM4hXAUKOfRezIUW89KZyUA8JhmfhhSuodD6a4g-4B2IBN_w-ZJig5lT2hV0-lCCN_Xf20nYuos2WN0s2VfuYmUfWJZQ5htFVxarOYpF-ppk'),
	(200, '4a6999611a612ea7', 'APA91bFOmm6SSIyTzeRWKyY6WqZ32Au30WUh99SXgj87rtK8M2vFLoaBts_4wWD6iX_injny4m3Fg_haIjfHsQKuJo8Qtdphz4PCEQYdCjnLaKC44KMoW3SICKQzcxNxrBSkN2NFhITM'),
	(201, '9c65f30c77ff6b92', 'APA91bHqbieXs8l2KVA7T5qgUvUXY4yj7tX4wiAozI8_EJ__WYR_iMEqax4-6xspE9qDKZtlJ6RiEcrFS16quVfGLscsNLNbs2JdD8A2mXlaexEh89p3RHZqLbBFmX_tMfUS6jdoZi2O'),
	(202, 'f5e3cd6a7f988bbf', 'APA91bGI3eLwmWZeKKt79_SpmFJKDFH9McvwvwuyRsLbKNu1ww6T3GEvMFtTRgoZm3f6IxDlpcptus4LN0uVtSV86VOugDeb7bViRMd_MouiLPu2Zy7xkrGfAKAXswOSzIvclWSEIvyw'),
	(203, 'bbc9117becc46947', 'APA91bE6x7hca5DKTW6H_GSBcN1fcAXqCP5i7uG46P5RTvhySm7iMTPNVs_pC1Rys93kjRXK0bNnmevrRG0GhZSTrIMOiNO5s2juH_P56COxA3ygkhxRvpjxnFbld-ZqkXmhX-yJfYnK'),
	(204, '', 'APA91bEUZVuSzwzVyCDhWVLGhljc0Pf4cDKCx6S7jsXEqgcr25qr3PI4DQfk8pRDHQz30IJBAkQW73QFUZ-nMjKcYbPQ-xk98X1pBwUNFkxa3g_neuWLpDREl52_F4nvd57jZ78iMDSZ');
/*!40000 ALTER TABLE `tokens` ENABLE KEYS */;

-- Dumping structure for table Isqenidev.users
CREATE TABLE IF NOT EXISTS `users` (
  `id` int(11) unsigned NOT NULL AUTO_INCREMENT,
  `name` varchar(50) NOT NULL,
  `username` varchar(50) NOT NULL,
  `password` varchar(50) NOT NULL,
  `email` varchar(80) NOT NULL,
  `group_id` int(11) NOT NULL DEFAULT '1',
  `register_date` date NOT NULL,
  `status` int(1) NOT NULL DEFAULT '1',
  PRIMARY KEY (`id`)
) ENGINE=InnoDB AUTO_INCREMENT=9 DEFAULT CHARSET=utf8;

-- Dumping data for table Isqenidev.users: ~7 rows (approximately)
/*!40000 ALTER TABLE `users` DISABLE KEYS */;
INSERT INTO `users` (`id`, `name`, `username`, `password`, `email`, `group_id`, `register_date`, `status`) VALUES
	(1, 'code', 'code', '827ccb0eea8a706c4c34a16891f84e7b', 'info@test.com', 1, '2014-05-02', 1),
	(2, 'admin', 'admin', 'e10adc3949ba59abbe56e057f20f883e', 'info@test.com', 1, '2014-05-02', 1),
	(3, 'administrator', 'administrator', 'f9dd670f60c3364766dd2d94cfde7f1f', 'test@test.com', 1, '2017-01-10', 1),
	(4, 'Ahmed', 'ahmed', '9193ce3b31332b03f7d8af056c692b84', 'ahmed@ahmed.com', 2, '2017-01-11', 1),
	(5, 'بيرين', 'berain', 'e10adc3949ba59abbe56e057f20f883e', 'info@berain.com', 3, '2017-06-18', 1),
	(6, 'سعد محمد العجلان ', 'سعد محمد العجلان ', 'f50db83c94e1e725476295c6ee97d4b8', 'saad@isqeni.com', 5, '2017-06-19', 1),
	(8, 'TECHCON', 'karan', 'd1cfda0755f136a072d70f476cac7f10', 'karan.babbar@techconlabs.com', 5, '2017-08-13', 1);
/*!40000 ALTER TABLE `users` ENABLE KEYS */;

-- Dumping structure for table Isqenidev.users_group
CREATE TABLE IF NOT EXISTS `users_group` (
  `id` int(11) NOT NULL AUTO_INCREMENT,
  `name` varchar(255) NOT NULL,
  `name_en` varchar(255) NOT NULL,
  `permission` varchar(255) NOT NULL,
  PRIMARY KEY (`id`)
) ENGINE=InnoDB AUTO_INCREMENT=7 DEFAULT CHARSET=utf8;

-- Dumping data for table Isqenidev.users_group: ~6 rows (approximately)
/*!40000 ALTER TABLE `users_group` DISABLE KEYS */;
INSERT INTO `users_group` (`id`, `name`, `name_en`, `permission`) VALUES
	(1, 'مدير', 'Manager', '1,2,8'),
	(2, 'مشرف الإعدادات', 'Editor', '2'),
	(3, 'الطلبات', 'Orders', '7'),
	(4, 'موظفين', 'Employees', '4,5'),
	(5, 'المدير العام ', 'GM', '1'),
	(6, 'TECHCON', 'Techcon', '2,3,4,5,7');
/*!40000 ALTER TABLE `users_group` ENABLE KEYS */;

-- Dumping structure for table Isqenidev.user_product_like
CREATE TABLE IF NOT EXISTS `user_product_like` (
  `id` int(11) NOT NULL AUTO_INCREMENT,
  `user_id` int(11) DEFAULT NULL,
  `product_id` int(11) DEFAULT NULL,
  `like_status` int(11) DEFAULT '1',
  `created` datetime DEFAULT NULL,
  PRIMARY KEY (`id`)
) ENGINE=InnoDB AUTO_INCREMENT=8 DEFAULT CHARSET=utf8;

-- Dumping data for table Isqenidev.user_product_like: ~7 rows (approximately)
/*!40000 ALTER TABLE `user_product_like` DISABLE KEYS */;
INSERT INTO `user_product_like` (`id`, `user_id`, `product_id`, `like_status`, `created`) VALUES
	(1, 226, 5, 1, '2017-11-07 12:08:09'),
	(2, 226, 9, 1, '2017-11-08 11:11:07'),
	(3, 226, 11, 0, '2017-11-08 11:12:20'),
	(4, 226, 15, 1, '2017-11-08 13:18:20'),
	(5, 226, 16, 1, '2017-11-08 13:18:28'),
	(6, 226, 12, 1, '2017-11-09 10:42:20'),
	(7, 226, 13, 1, '2017-11-09 10:42:23');
/*!40000 ALTER TABLE `user_product_like` ENABLE KEYS */;

-- Dumping structure for table Isqenidev.views
CREATE TABLE IF NOT EXISTS `views` (
  `id` int(11) unsigned NOT NULL AUTO_INCREMENT,
  `dep_id` int(11) NOT NULL,
  `dep` varchar(100) NOT NULL,
  `ip` varchar(30) NOT NULL,
  PRIMARY KEY (`id`)
) ENGINE=InnoDB AUTO_INCREMENT=2 DEFAULT CHARSET=utf8;

-- Dumping data for table Isqenidev.views: ~0 rows (approximately)
/*!40000 ALTER TABLE `views` DISABLE KEYS */;
INSERT INTO `views` (`id`, `dep_id`, `dep`, `ip`) VALUES
	(1, 0, 'site', '127.0.0.1');
/*!40000 ALTER TABLE `views` ENABLE KEYS */;

-- Dumping structure for table Isqenidev.vouchers
CREATE TABLE IF NOT EXISTS `vouchers` (
  `id` int(11) NOT NULL AUTO_INCREMENT,
  `product_id` varchar(50) NOT NULL DEFAULT '0',
  `coupon_code` varchar(50) NOT NULL DEFAULT '0',
  `vendor_id` int(11) NOT NULL DEFAULT '0',
  `start_date` varchar(50) DEFAULT NULL,
  `end_date` varchar(50) DEFAULT NULL,
  `value` double DEFAULT NULL,
  `type` varchar(50) DEFAULT NULL COMMENT 'fixed,percentage',
  `isused_limit` int(11) DEFAULT '0',
  `used_value` int(11) DEFAULT NULL,
  `status` int(1) NOT NULL DEFAULT '0',
  `created_at` datetime NOT NULL,
  PRIMARY KEY (`id`)
) ENGINE=InnoDB DEFAULT CHARSET=utf8;

-- Dumping data for table Isqenidev.vouchers: ~0 rows (approximately)
/*!40000 ALTER TABLE `vouchers` DISABLE KEYS */;
/*!40000 ALTER TABLE `vouchers` ENABLE KEYS */;

/*!40101 SET SQL_MODE=IFNULL(@OLD_SQL_MODE, '') */;
/*!40014 SET FOREIGN_KEY_CHECKS=IF(@OLD_FOREIGN_KEY_CHECKS IS NULL, 1, @OLD_FOREIGN_KEY_CHECKS) */;
/*!40101 SET CHARACTER_SET_CLIENT=@OLD_CHARACTER_SET_CLIENT */;
